ImgPath,Caption
/home/celeba_hq/train/female/113099.jpg,"A woman with long, dark hair, brown eyes, and a warm smile. Her nose is straight and her lips are full, with a natural pink hue. Her skin is smooth and her eyebrows are arched."
/home/celeba_hq/train/female/064941.jpg,"A woman with brown eyes, a nose, a mouth, and ears, smiling with brown hair and wearing a necklace."
/home/celeba_hq/train/female/123067.jpg,"A close-up of a woman with blonde hair, bangs, and a wide smile. Her eyes are blue, her eyebrows are arched, her nose is straight, her lips are full, and her teeth are white."
/home/celeba_hq/train/female/081344.jpg,"A woman with long, light brown hair, brown eyes, and fair skin. Her lips are pink and her nose is straight. She has a slight frown and her eyebrows are arched."
/home/celeba_hq/train/female/076477.jpg,"A woman with blonde hair, blue eyes, and full lips smiles at the camera. Her hair is curled and her skin is smooth."
/home/celeba_hq/train/female/148742.jpg,"A woman with blonde hair, blue eyes, and a slight smile. Her nose is straight and her lips are full. Her eyebrows are arched and her skin is smooth."
/home/celeba_hq/train/female/126276.jpg,"A close up of a woman's face with blonde hair, blue eyes, and full lips."
/home/celeba_hq/train/female/182262.jpg,"A woman with dark hair tied in a bun, blue eyes, and a headband smiles at the camera."
/home/celeba_hq/train/female/138965.jpg,"Close-up of a blonde woman with a smoky eye, full lips, and hoop earrings."
/home/celeba_hq/train/female/195605.jpg,"A smiling woman with dark hair, brown eyes, and a white smile."
/home/celeba_hq/train/female/027465.jpg,"A woman with dark hair, blue eyes, and fair skin. Her eyebrows are arched and her eyelashes are long. Her lips are pink and her teeth are white. Her nose is straight and her skin is smooth. Her hair is pulled back and she is smiling."
/home/celeba_hq/train/female/128090.jpg,A close up of a blonde woman's face.
/home/celeba_hq/train/female/148928.jpg,A headshot of a young woman with blonde hair and blue eyes. She has a slight smile and her hair is styled in a wavy bob.
/home/celeba_hq/train/female/057576.jpg,"A woman with white hair, blue eyes, and a nose ring."
/home/celeba_hq/train/female/000239.jpg,"A close up of a woman's face with blonde hair and a short haircut. She has a slight smile, blue eyes, and fair skin. Her nose is straight and her lips are full. Her ears are small and she has a crease above her upper lip."
/home/celeba_hq/train/female/162500.jpg,"A woman with blonde hair and sunglasses, smiling and holding her sunglasses on top of her head."
/home/celeba_hq/train/female/183668.jpg,"A woman with brown eyes, a brown hair ponytail, and fair skin with a slight tan. Her hair is pulled back and she is smiling."
/home/celeba_hq/val/female/108361.jpg,"A woman with brown eyes, fair skin, and a neutral expression. Her hair is pulled back."
/home/celeba_hq/train/female/160867.jpg,"A woman with short white hair, blue eyes, and fair skin."
/home/celeba_hq/train/female/049379.jpg,"A young woman with blue eyes, a straight nose, and full lips. Her eyebrows are arched and her skin is smooth. Her hair is brown and pulled back."
/home/celeba_hq/val/female/065509.jpg,"A woman with dark hair, red lipstick, and earrings."
/home/celeba_hq/train/female/063660.jpg,"A close up of a woman with red hair, blue eyes, and fair skin. She is smiling and has green eyelashes and auburn lipstick."
/home/celeba_hq/val/female/157971.jpg,"A woman with brown eyes, a straight nose, and a smiling mouth with white teeth. She has a white headband on her head and her hair is tied in a bun."
/home/celeba_hq/train/female/163112.jpg,"A woman with dark hair, smoky eye makeup, and a gold necklace."
/home/celeba_hq/train/female/151084.jpg,"A woman with blonde hair and blue eyes, wearing a black top. Her nose is straight and her mouth is slightly open, showing pink lips and white teeth. Her eyes are open and she has a slight frown. Her hair is blonde and wavy, falling just past her shoulders."
/home/celeba_hq/train/female/125853.jpg,"A young woman with long, dark hair, brown eyes, and a small smile. Her nose is straight and her lips are slightly parted. Her skin is smooth and her eyebrows are arched."
/home/celeba_hq/train/female/158854.jpg,"A woman with long brown hair, blue eyes, and a smoky eye makeup look."
/home/celeba_hq/train/female/104866.jpg,"A young woman with dark hair, brown eyes, and a wide smile. Her nose is straight and her lips are full. Her skin is smooth and her hair is shiny."
/home/celeba_hq/train/female/059731.jpg,"A woman with blonde hair, brown eyes, and a slightly lined lip."
/home/celeba_hq/train/female/018396.jpg,"A woman with brown eyes and brown hair, styled in a straight fringe."
/home/celeba_hq/train/female/202071.jpg,"A woman with brown eyes, brown hair, and fair skin. Her nose is straight and her mouth is slightly open, showing pink lips and white teeth. She has her hands folded under her chin and is looking at the camera."
/home/celeba_hq/train/female/081847.jpg,"Close-up of a woman with brown eyes, brown hair, and a neutral expression."
/home/celeba_hq/train/female/175538.jpg,"An older woman with short, light brown hair, red lipstick, and pearl earrings. Her eyes are a light green, and she has a slight frown."
/home/celeba_hq/train/female/029614.jpg,"A woman with green eyes, straight brown hair, and a neutral expression. Her lips are slightly parted and her nose is straight. Her ears are small and her forehead is broad."
/home/celeba_hq/train/female/107893.jpg,"Close-up of a smiling woman with brown eyes, straight brown hair, and a fair complexion."
/home/celeba_hq/train/female/027947.jpg,"A woman with blonde hair, blue eyes, and a gap-toothed smile."
/home/celeba_hq/val/female/141977.jpg,"A woman with long, dark hair and brown eyes. Her skin is smooth and pink, with a slight smile on her lips. Her nose is straight and her eyebrows are arched. Her hair is long and wavy."
/home/celeba_hq/train/female/058239.jpg,A woman with dark hair and green eyes.
/home/celeba_hq/train/female/043456.jpg,"A woman with red hair and blue eyes, smiling with her head tilted to the side. Her hair is pulled back and she has a braid on one side. Her nose is straight and her mouth is slightly open with white teeth. Her eyes are blue with long black lashes. Her skin is smooth and has a pink tinge."
/home/celeba_hq/train/female/165815.jpg,"A woman with dark brown hair, brown eyes, and a medium-sized nose. Her mouth is slightly open, revealing her teeth and gums. Her expression is one of surprise or mild alarm."
/home/celeba_hq/val/female/050227.jpg,"A close-up of a woman with short blonde hair, blue eyes, and a slight smile. She has a round face with a small nose and full, expressive eyes. Her skin is smooth and fair, with a few wrinkles around her eyes. Her hair is styled in a short, spiky style."
/home/celeba_hq/train/female/180329.jpg,"A woman with brown hair, green eyes, and freckles on her face. She is smiling and has a slight wrinkle above her nose."
/home/celeba_hq/train/female/078771.jpg,"A woman with dark hair, brown eyes, and a slight smile. Her nose is straight and her lips are full. Her skin is smooth and her ears are pierced."
/home/celeba_hq/train/female/150604.jpg,"A woman with dark hair and brown eyes, smiling with her head tilted to the side. Her skin is smooth and her hair is shiny."
/home/celeba_hq/train/female/006456.jpg,"A woman with white hair, dark eyes, and a wide smile."
/home/celeba_hq/val/female/112996.jpg,"A woman with brown eyes, brown hair, and a smile."
/home/celeba_hq/train/female/007347.jpg,"A woman with blonde hair and green eyes, her hand under her chin, her lips a deep red."
/home/celeba_hq/train/female/066130.jpg,A woman with blonde hair and a smiling expression.
/home/celeba_hq/train/female/181539.jpg,"A woman with blonde hair and brown eyes, wearing pink lipstick. Her nose is slightly crooked and she has a small mole above her lip. Her eyebrows are arched and her lips are full."
/home/celeba_hq/train/female/189937.jpg,"Close-up of a young woman with blonde hair, brown eyes, and pink lipstick. Her hair is wavy and shoulder-length."
/home/celeba_hq/train/female/122525.jpg,"A woman with long, light brown hair, brown eyes, fair skin, and a slight smile. Her nose is straight and her lips are full. Her hair is wavy and falls just past her shoulders."
/home/celeba_hq/train/female/154451.jpg,"A woman with brown eyes, brown hair, and a big smile."
/home/celeba_hq/train/female/152794.jpg,"A woman with blonde hair, blue eyes, and fair skin, smiling with her eyes closed."
/home/celeba_hq/train/female/193127.jpg,"A woman with brown hair, blue eyes, and fair skin. She has a slight smile, her teeth are white, and her lips are pink. Her eyebrows are arched and her nose is straight. Her ears have small, round earrings."
/home/celeba_hq/train/female/188378.jpg,Close-up of a blonde woman with blue lipstick and a nose ring.
/home/celeba_hq/train/female/028299.jpg,A woman with blonde hair and blue eyes looks directly at the camera. Her skin is smooth and her lips are slightly parted. Her nose is straight and her ears are pierced. Her eyes are a mix of blue and grey.
/home/celeba_hq/train/female/089865.jpg,"A woman with long, dark hair and brown eyes looks directly at the camera. Her lips are slightly parted, and she has a slight frown. Her skin is smooth and has a warm, healthy glow."
/home/celeba_hq/val/female/099182.jpg,"A woman with long, dark hair, blue eyes, and fair skin. Her eyebrows are arched and her lips are full. Her nose is straight and her skin is smooth. She is wearing a blue dress."
/home/celeba_hq/train/female/104115.jpg,"A woman with blonde hair, blue eyes, and a gap-toothed smile."
/home/celeba_hq/val/female/082644.jpg,"A woman with dark hair and red lipstick is pointing to her face. Her eyes are brown, her nose is small, her lips are red and her cheeks are rosy. Her skin is smooth and her hair is long and black."
/home/celeba_hq/train/female/143754.jpg,"A woman with red hair and red lipstick, her head resting on her hand. She is wearing a gold ring and earrings."
/home/celeba_hq/train/female/064025.jpg,"A woman with dark brown hair and hoop earrings, her face is tilted slightly to the side with a slight smile, her eyes are a mix of brown and green, and her nose is straight."
/home/celeba_hq/train/female/180320.jpg,"A woman with blonde hair, blue eyes, and fair skin. She has a slight smile, full lips, and a straight nose. Her eyebrows are slightly arched and her ears are pierced."
/home/celeba_hq/train/female/032310.jpg,"A woman with blonde hair, blue eyes, and fair skin. She has a slight smile and her eyes are focused on the camera."
/home/celeba_hq/train/female/031783.jpg,"A close-up of a person with blonde hair and a black necklace. They have dark eyes, a straight nose, and thin lips. Their ears are slightly puffy."
/home/celeba_hq/train/female/085121.jpg,"A middle-aged woman with blonde hair, blue eyes, and a slight smile. Her skin is smooth and taut, with a few wrinkles around her eyes. Her eyebrows are arched and her eyelashes long. Her nose is straight and her lips are full. She is wearing a white shirt and a black jacket."
/home/celeba_hq/train/female/055824.jpg,"A smiling woman with dark hair, brown eyes, and full lips."
/home/celeba_hq/train/female/064200.jpg,"A woman with long, wavy brown hair and blue eyes. She has a pink lip and gold hoop earrings. Her skin is smooth and tan."
/home/celeba_hq/train/female/087627.jpg,"A woman with dark hair, blue eyes, and red lipstick smiling at the camera."
/home/celeba_hq/train/female/048737.jpg,"A blonde woman with blue eyes, a slightly upturned nose, and full lips. Her skin is smooth and tanned, and she has a slight frown. Her hair is shoulder-length and blonde."
/home/celeba_hq/train/female/185755.jpg,"A woman with long, light brown hair, brown eyes, and a neutral expression. Her skin is pale and smooth."
/home/celeba_hq/train/female/173806.jpg,"A woman with brown eyes, brown hair, and light brown skin. Her lips are full and her mouth is slightly open. Her nose is straight and her eyebrows are arched. Her ears are small and her cheeks are rosy. Her expression is neutral."
/home/celeba_hq/train/female/195978.jpg,"A woman with dark hair and blue eyes, smiling with her teeth showing. Her nose is straight and her lips are full. Her skin is smooth and her eyebrows are arched."
/home/celeba_hq/train/female/036018.jpg,"A woman with blue eyes, fair skin, and blonde hair. Her lips are a deep red and she is wearing a coat."
/home/celeba_hq/train/female/170579.jpg,"A woman with blonde hair, blue eyes, and fair skin. She has a slight smile, with her teeth showing, and her hair is pulled back."
/home/celeba_hq/train/female/192072.jpg,"A woman with blonde hair and blue eyes, wearing a gold earring in each ear. Her lips are pink and her skin is smooth."
/home/celeba_hq/train/female/015109.jpg,"A woman with blonde hair, blue eyes, fair skin, and a neutral expression."
/home/celeba_hq/train/female/028497.jpg,"A woman with red hair, blue eyes, and fair skin. She is wearing red lipstick and diamond earrings."
/home/celeba_hq/train/female/023647.jpg,"A woman with brown eyes, full lips, and a nose with a slight tilt. She has long brown hair and is wearing a black and red hat. Her expression is neutral, with a slight frown."
/home/celeba_hq/train/female/050998.jpg,"A smiling blonde woman with blue eyes, straight hair, and fair skin."
/home/celeba_hq/train/female/051897.jpg,A woman with long brown hair and green eyes looks off to the side. Her lips are slightly parted and she has a slight frown. Her nose is straight and her eyebrows are arched. Her eyes are rimmed with black.
/home/celeba_hq/train/female/119614.jpg,"A woman with a white smile, brown eyes, and long brown hair wearing a tiara."
/home/celeba_hq/train/female/053150.jpg,Close-up of a female model with a red lip and smoky eye makeup.
/home/celeba_hq/train/female/141305.jpg,"A woman with blonde hair, a fur hat, and a fur collar."
/home/celeba_hq/train/female/069909.jpg,"A young woman with long hair, brown eyes, and a small nose. Her lips are slightly parted and she has a slight frown."
/home/celeba_hq/val/female/143652.jpg,"A woman with long, dark hair, brown eyes, and a small nose. Her lips are slightly parted and she is smiling."
/home/celeba_hq/train/female/009375.jpg,"A young woman with blonde curly hair, blue eyes, and a bright smile. Her nose is straight and her lips are full. Her skin is smooth and her eyebrows are arched."
/home/celeba_hq/train/female/030042.jpg,"A woman with brown eyes, brown hair, and red lipstick."
/home/celeba_hq/train/female/187757.jpg,"A woman with blue eyes, a nose, lips, and eyebrows, and a mouth with red lipstick. She has a black leather jacket on and her hair is tied back."
/home/celeba_hq/train/female/081648.jpg,"Close-up of a blonde woman with blue eyes, a nose ring, and a slight smile. Her eyes are slightly narrowed, and her eyebrows are arched. Her skin is smooth and has a slight pink tint."
/home/celeba_hq/train/female/048085.jpg,"A woman with blonde hair, blue eyes, and fair skin. She has a slight frown, slightly puffy eyes, and small earrings."
/home/celeba_hq/train/female/070686.jpg,"A woman with long brown hair, a red lip, and a slight frown. Her eyes are brown and she has a pointed nose. Her skin is smooth and her hair is straight."
/home/celeba_hq/train/female/200041.jpg,"A woman with long, brown hair, green eyes, and fair skin. Her eyebrows are arched and her lips are full. Her nose is straight and her skin is smooth. She has a slight smile on her lips."
/home/celeba_hq/train/female/069152.jpg,"A woman with brown eyes, a nose, and lips, and a smile with her teeth showing. She has dark brown hair that is pulled back and wears a pink top."
/home/celeba_hq/train/female/041133.jpg,"A woman with blonde hair, blue eyes, and a small nose. Her lips are pink and her eyebrows are arched."
/home/celeba_hq/train/female/043952.jpg,"A woman with blonde hair, blue eyes, and a slight smile."
/home/celeba_hq/train/female/045072.jpg,"A woman with a square jawline, big hoop earrings, and cornrows in her hair frowns with her lips tightly closed."
/home/celeba_hq/train/female/037466.jpg,"A woman with long dark hair, brown eyes, and a small nose. Her lips are pink and slightly parted, revealing small teeth. Her expression is neutral, with a slight frown."
/home/celeba_hq/train/female/007219.jpg,"A woman with blonde hair, blue eyes, and red lipstick."
/home/celeba_hq/train/female/108941.jpg,"A woman with curly black hair, a wide smile, and a strong, clear voice."
/home/celeba_hq/train/female/109711.jpg,"Close-up of a woman with blonde hair, brown eyes, and fair skin. She is smiling and has long blonde hair and bangs, with a nose ring and diamond earrings. Her skin is clear and her lips are pink."
/home/celeba_hq/train/female/033305.jpg,"A woman with long, dark hair and brown eyes, her face is slightly tilted and she has a slight frown. Her nose is straight and her lips are slightly parted. Her ears have large earrings with black beads."
/home/celeba_hq/train/female/007409.jpg,"A woman with short, dark hair, brown eyes, and fair skin. She is smiling and has a slight wrinkle above her nose. Her lips are pink and her teeth are white."
/home/celeba_hq/val/female/189848.jpg,"A young woman with blonde hair, brown eyes, and fair skin. Her eyebrows are arched and her lips are full. Her nose is straight and her skin is smooth. She has a slight smile on her lips."
/home/celeba_hq/train/female/006661.jpg,"A woman with long, straight, blonde hair with bangs, blue eyes, and fair skin. Her eyebrows are arched and her lips are full. Her nose is straight and her teeth are white. She is smiling and her ears are pierced."
/home/celeba_hq/train/female/201635.jpg,"A woman with brown eyes, brown hair, and brown skin. Her hair is shoulder-length and brown. Her eyes are brown. Her eyebrows are brown. Her eyelashes are long. Her lips are pink. Her teeth are white. Her skin is brown. Her cheeks are rosy. Her nose is pointy. Her mouth is slightly open. Her chin is slightly jutted out. Her forehead is slightly wrinkled. Her forehead is slightly concave. Her eyebrows are slightly arched. Her eyebrows are slightly bushy. Her eyelids are slightly puffy. Her eyelids are slightly creased. Her eyelashes are slightly curled. Her eyelashes are slightly thick. Her eyebrows are slightly bushy. Her eyebrows are slightly arched. Her eyebrows are slightly bushy. Her eyebrows are slightly arched. Her eyebrows are slightly bushy. Her eyebrows are slightly arched. Her eyebrows are slightly bushy. Her eyebrows are slightly arched. Her eyebrows are slightly bushy. Her eyebrows are slightly arched. Her eyebrows are slightly bushy. Her eyebrows are slightly arched. Her eyebrows are slightly bushy. Her eyebrows are slightly arched. Her eyebrows are slightly bushy. Her eyebrows are slightly arched. Her eyebrows are slightly bushy. Her eyebrows are slightly arched. Her eyebrows are slightly bushy. Her eyebrows are slightly arched. Her eyebrows are slightly bushy. Her eyebrows are slightly arched. Her eyebrows are slightly bushy. Her eyebrows are slightly arched. Her eyebrows are slightly bushy. Her eyebrows are slightly arched. Her eyebrows are slightly bushy. Her eyebrows are slightly arched. Her eyebrows are slightly bushy. Her eyebrows are slightly arched. Her eyebrows are slightly bushy. Her eyebrows are slightly arched. Her eyebrows are slightly bushy. Her eyebrows are slightly arched. Her eyebrows are slightly bushy. Her eyebrows are slightly arched. Her eyebrows are slightly bushy. Her eyebrows are slightly arched. Her eyebrows are slightly bushy. Her eyebrows are slightly arched. Her eyebrows are slightly bushy. Her eyebrows are slightly arched. Her eyebrows are slightly bushy. Her eyebrows are slightly arched. Her eyebrows are slightly bushy. Her eyebrows are slightly arched. Her eyebrows are slightly bushy. Her eyebrows are slightly arched. Her eyebrows are slightly bushy. Her eyebrows are slightly arched. Her eyebrows are slightly bushy. Her eyebrows are slightly arched. Her eyebrows are slightly bushy. Her eyebrows are"
/home/celeba_hq/train/female/131343.jpg,"A woman with long black hair and bright red lipstick looks at the camera. Her eyes are open, her eyebrows arched, and her lips are slightly parted. Her nose is pierced and her ears have piercings. Her skin is smooth and her hair is straight."
/home/celeba_hq/train/female/146110.jpg,"A woman with a tan complexion, full lips, and a slight smile. She has a slight wrinkle above her nose and a mole on her face. Her eyes are brown and she has long, wavy hair."
/home/celeba_hq/train/female/062239.jpg,"A woman with long, dark hair looks directly into the camera. Her eyes are brown, and she has a small nose and full lips. Her skin is smooth and brown, and she has small ears. Her mouth is slightly open as if she's about to speak."
/home/celeba_hq/train/female/032608.jpg,"Closeup of a woman's face with brown eyes, brown hair, and a slight smile."
/home/celeba_hq/train/female/038426.jpg,"A selfie of a woman with brown eyes, a nose ring, and a slight smile. Her hair is tied back and she is wearing a fuzzy white top."
/home/celeba_hq/train/female/037218.jpg,"A woman with red hair, blue eyes, and a bright smile. She has a high forehead, large expressive eyes, and full lips. Her skin is smooth and her hair is curled."
/home/celeba_hq/train/female/086698.jpg,"A woman with brown hair and blue eyes, smiling with white teeth, red hair, and freckles."
/home/celeba_hq/train/female/105456.jpg,"A woman with dark brown hair, blue eyes, and fair skin. She is smiling and has a slight furrow in her forehead."
/home/celeba_hq/train/female/190461.jpg,"A woman with long brown hair, brown eyes, and red lipstick. Her nose is straight and her mouth is slightly open, revealing her teeth. Her skin is smooth and her eyebrows are arched."
/home/celeba_hq/train/female/146261.jpg,"A woman with brown hair and blue eyes, fair skin, and a neutral expression. Her nose is straight and her lips are slightly parted. She is wearing large silver earrings."
/home/celeba_hq/train/female/101851.jpg,"A woman with brown hair, brown eyes, and fair skin. She has a small nose and a pink lip. Her eyes are slightly open and she is looking at the camera."
/home/celeba_hq/train/female/064984.jpg,"A model with a lace mask covering her eyes, a fur hat on her head, and a slight smile on her lips. Her eyes are slightly open, revealing long, thick lashes, and her nose is straight with a slight upturn at the tip. Her lips are full and pink, and her skin is smooth and brown. Her hair is dark and falls in waves around her shoulders."
/home/celeba_hq/train/female/127040.jpg,"A woman with a red flower in her hair and red lipstick. Her eyes are brown, she has long black hair, and her nose is straight. Her lips are bright red, and she has a slight smile."
/home/celeba_hq/train/female/195992.jpg,"A woman with brown eyes, straight brown hair, and fair skin. Her nose is slightly pointy and her lips are slightly parted. She has a slight smile on her lips."
/home/celeba_hq/train/female/058386.jpg,"A woman with brown eyes, a nose, and lips, and dark brown hair. Her skin is smooth and has a slight sheen."
/home/celeba_hq/train/female/139292.jpg,"A young woman with brown hair, brown eyes, and fair skin. Her nose is straight and her lips are full. She is wearing a thin silver earring with a small diamond. Her eyebrows are arched and her eyelashes are long. Her face is slightly made up with a pale pink lipstick."
/home/celeba_hq/train/female/193492.jpg,"A woman with brown eyes, brown hair, and brown skin. Her nose is small and pointy, her mouth is thin and closed, and her eyebrows are thin and arched. Her ears are small and have piercings. Her face is oval-shaped and her skin is smooth and clear."
/home/celeba_hq/train/female/183629.jpg,"A young Asian woman with long, dark hair, almond-shaped eyes, and a small nose. Her lips are slightly parted, revealing pink lipstick. Her skin is smooth and fair, with a slight shimmer. Her ears are small and pierced with small silver earrings. Her expression is neutral, with a slight frown at the corners of her mouth."
/home/celeba_hq/train/female/062637.jpg,"A woman with long brown hair, brown eyes, a small nose, and pink lips."
/home/celeba_hq/train/female/168886.jpg,"A woman with wet hair, smiling at the camera. Her eyes are brown, her nose is straight, her lips are pink, and her teeth are white. Her skin is smooth and fair."
/home/celeba_hq/train/female/095788.jpg,"A young woman with brown hair, brown eyes, and a cute smile. Her nose is small and pointy, her lips are pink and full, and her ears are pierced with large earrings. Her skin is smooth and has a light pink tint."
/home/celeba_hq/train/female/008715.jpg,"A smiling woman with long, black hair, brown eyes, and full lips. She has a high nose bridge and small ears with earrings. Her skin is smooth and white."
/home/celeba_hq/train/female/132088.jpg,"A woman with brown hair and bangs, smiling with her teeth showing."
/home/celeba_hq/train/female/007313.jpg,"Close-up of a model's face with a black headband, small eyes, and a slight smile."
/home/celeba_hq/train/female/001431.jpg,"A woman with a full red lip, bold eye makeup, and her hair pulled back on the cover of Vogue Germany's September issue."
/home/celeba_hq/train/female/141080.jpg,"A woman with blonde hair and blue eyes, her hair is tied back and she has a slight smile on her lips. Her nose is straight and her lips are full. Her skin is smooth and her eyebrows are arched."
/home/celeba_hq/train/female/165218.jpg,"A close-up of a woman's face with a blue headscarf, glasses, and a slight smile. Her eyes are brown, and her skin is a light brown with a few dark spots. Her nose is straight and her lips are slightly parted, revealing her teeth. She has small earrings and her hair is black."
/home/celeba_hq/train/female/131024.jpg,"A woman with short black hair, brown eyes, and a nose ring. Her mouth is closed, and she has a slight frown. Her skin is smooth and has a few blemishes."
/home/celeba_hq/train/female/082304.jpg,"A young Asian girl with a short bob haircut, brown eyes, and a small nose. Her lips are slightly parted and she has a slight smile on her face."
/home/celeba_hq/train/female/044020.jpg,"A woman with dark hair, brown eyes, and a small nose. Her lips are pink and she is wearing earrings."
/home/celeba_hq/train/female/014959.jpg,"A close-up of a woman's face with smoky eye makeup, full lips, and a high ponytail."
/home/celeba_hq/train/female/104434.jpg,"A woman with long, dark hair smiling with her head tilted to the side. Her eyes are brown, her nose is straight, and her lips are full and pink. Her skin is smooth and has a healthy glow."
/home/celeba_hq/train/female/123815.jpg,"A woman with dark hair, smiling with her eyes closed, showing her teeth."
/home/celeba_hq/train/female/115331.jpg,"A woman with dark hair, brown eyes, and a small smile. Her skin is smooth and has a few wrinkles around her eyes. Her eyebrows are arched and her hair is long and black."
/home/celeba_hq/val/female/067169.jpg,"A woman with dark hair, a smiling expression, and a mole above her lip."
/home/celeba_hq/train/female/169235.jpg,"A woman with blonde hair and blue eyes, smiling with her teeth showing."
/home/celeba_hq/train/female/047165.jpg,"A woman with a high bun, smoky eye makeup, and a slight smile. Her skin is smooth and brown, with a slight sheen. Her eyes are brown, her nose is straight, her lips are pink, and her ears have small gold earrings. Her hair is pulled back in a bun."
/home/celeba_hq/train/female/169683.jpg,"A woman with wet red hair, wearing gold bracelets and stud earrings. Her eyes are brown, her lips pink, and her skin is pale. Her eyebrows are arched and her nose is straight. Her face is framed by wet hair."
/home/celeba_hq/train/female/090618.jpg,"A woman with a wide smile, dark skin, and a head of black hair. Her eyes are brown, she has a small nose and a broad forehead. Her eyebrows are arched and her lips are full."
/home/celeba_hq/train/female/031573.jpg,"A woman with long, wavy brown hair, a bold red lip, and a bright smile. Her eyes are brown and she has a double eyelid. Her nose is straight and her lips are full. Her skin is smooth and her teeth are white."
/home/celeba_hq/train/female/025190.jpg,"A woman with dark hair, smiling with white teeth, and wearing a black and white hair accessory."
/home/celeba_hq/train/female/086647.jpg,"A close up of a woman's face with white hair, bright red lipstick, and a smile."
/home/celeba_hq/train/female/200982.jpg,"A woman with short brown hair, a round face, and a slight smile. Her skin is smooth and her eyebrows are arched. She is wearing pearl earrings and a pearl necklace."
/home/celeba_hq/train/female/024642.jpg,"A woman with brown eyes, a nose, lips, and ears, and long brown hair. Her skin is smooth and has a pinkish hue. Her eyebrows are arched and her eyelashes are long. Her lips are slightly parted and her mouth is closed."
/home/celeba_hq/train/female/151402.jpg,"A woman with long, straightened hair, brown eyes, and full lips. Her skin is smooth and brown, with a hint of purple lipstick. Her eyebrows are arched and her ears are pierced with gold earrings."
/home/celeba_hq/train/female/176042.jpg,"A smiling woman with short hair, brown eyes, and a wide smile."
/home/celeba_hq/train/female/028448.jpg,"A woman with red hair and bangs, brown eyes, and fair skin. Her lips are pink and she is smiling."
/home/celeba_hq/train/female/134357.jpg,"A model with a square jawline, bold red lips, and dark skin wears long, dangling earrings."
/home/celeba_hq/train/female/192233.jpg,"A female with brown eyes, straight brown hair, and a small nose. Her lips are pink and she has a slight smile. Her face is round with a small chin."
/home/celeba_hq/train/female/063599.jpg,"A woman with brown eyes, brown hair, and fair skin. Her nose is straight and narrow, her mouth is slightly open, showing pink lips and white teeth. Her nails are short and clean."
/home/celeba_hq/train/female/103590.jpg,"A young Asian woman with long brown hair, almond-shaped eyes, and a slight frown. Her nose is straight and her lips are slightly parted."
/home/celeba_hq/train/female/086165.jpg,"A woman with a medium brown haircut, dark lipstick, and a neutral expression. Her eyebrows are arched and her eyes are brown. Her nose is straight and her lips are full. She has small ears with hair on the ears."
/home/celeba_hq/train/female/075756.jpg,"A woman with a black hat, orange lips, and a slight smile."
/home/celeba_hq/train/female/016457.jpg,"A woman with long black hair, her face is tilted upwards and she looks into the distance. Her eyes are open, one eyebrow is slightly raised, her lips are slightly parted, and her ears are covered with hair."
/home/celeba_hq/train/female/097126.jpg,"A woman with red hair, blue eyes, and a slight smile. She has wrinkles around her eyes and mouth, and her hair is styled in a wavy, middle-aged woman's style."
/home/celeba_hq/train/female/051615.jpg,"A woman with straight brown hair, a small smile, and a gap between her front teeth. She has almond-shaped brown eyes, a small nose, and full lips. Her ears are pierced and she has a mole above her upper lip. Her skin is smooth and fair."
/home/celeba_hq/train/female/062433.jpg,"A woman with brown eyes, a small nose, and full lips. Her skin is smooth and fair, with a slight hint of pink. Her hair is dark and hangs in front of her face."
/home/celeba_hq/train/female/144516.jpg,"A woman with brown eyes, brown hair, and a slight smile. Her nose is straight and her lips are pink. Her eyebrows are arched and her skin is smooth."
/home/celeba_hq/train/female/065449.jpg,"A woman with brown eyes, straight brown hair, and a bright smile."
/home/celeba_hq/train/female/139004.jpg,"Close-up of a woman's face with long, straightened hair parted down the middle. She has a slight smile, large hoop earrings, and smoky eye makeup. Her skin is smooth and tan."
/home/celeba_hq/train/female/181207.jpg,"A woman with brown eyes, brown hair, and a slight smile."
/home/celeba_hq/train/female/175030.jpg,"A woman with dark hair, brown eyes, and a bright smile. Her nose is straight and her lips are full. Her skin is smooth and her hair is shiny."
/home/celeba_hq/train/female/165944.jpg,"A smiling woman with short brown hair, large earrings, and gold jewelry. Her eyes are brown, her nose is straight, her lips are full, and her teeth are white. Her skin is brown and has some wrinkles."
/home/celeba_hq/train/female/118510.jpg,"A woman with brown eyes, a nose, and lips, and a smile on her face."
/home/celeba_hq/train/female/111587.jpg,"The face is that of Mindy Kaling, a woman with a square-shaped face and high cheekbones. She has a broad nose and full lips, and her eyes are brown. Her skin is a warm brown color, and she has long black hair. Her expression is warm and friendly, with a slight smile on her lips."
/home/celeba_hq/train/female/080554.jpg,"Close-up of a woman's face with dark hair, brown eyes, and pink lipstick."
/home/celeba_hq/train/female/180125.jpg,"A woman with dark hair, brown eyes, and fair skin looks into the camera. Her lips are pink and her nose is straight. Her eyebrows are arched and her ears are pierced."
/home/celeba_hq/train/female/122708.jpg,"A woman with blue eyes, a nose ring, and a smile with slightly crooked teeth. Her hair is pulled back and she is wearing a black top."
/home/celeba_hq/val/female/009661.jpg,"Close-up of a woman's face with dark hair, brown eyes, and red lipstick. She has a slight smile and her hair is styled in a bob."
/home/celeba_hq/train/female/190613.jpg,"A woman with long, light brown hair, brown eyes, and fair skin. She is wearing large earrings and has a slight smile with pink lips."
/home/celeba_hq/train/female/151924.jpg,"A woman with dark hair, brown eyes, and a slight smile. Her nose is straight and her lips are full. Her skin is smooth and has a pink tint."
/home/celeba_hq/train/female/137191.jpg,"A woman with long brown hair, bangs, blue eyes, and pink lipstick smiling at the camera."
/home/celeba_hq/train/female/081472.jpg,"A woman with brown eyes, brown hair, and pink lips."
/home/celeba_hq/train/female/057069.jpg,"A woman with dark hair, brown eyes, and a wide smile. Her skin is smooth and white, with a touch of pink. Her hair is black and shiny."
/home/celeba_hq/train/female/063369.jpg,"A woman with dark hair, brown eyes, and full lips poses for the camera. Her eyes are open, and she has a slight smile on her lips. Her skin is smooth and has a warm glow. Her hair is wavy and falls to her shoulders."
/home/celeba_hq/train/female/168966.jpg,"A close-up of a smiling woman with brown eyes, brown hair, and pink lipstick."
/home/celeba_hq/train/female/047016.jpg,"Close-up of a woman with blonde hair and blue eyes. She has a full lips, high cheekbones, and a straight nose. Her eyes are open and she is looking at the camera."
/home/celeba_hq/train/female/041405.jpg,"A woman with blonde hair and blue eyes, smiling with her head tilted to the side."
/home/celeba_hq/train/female/033110.jpg,"A young girl with brown eyes, a small nose, and a slight smile. Her hair is tied back in two ponytails."
/home/celeba_hq/train/female/040981.jpg,"A woman with brown hair, brown eyes, and fair skin. She has a slight frown, small lips, and her hair is pulled back."
/home/celeba_hq/train/female/074702.jpg,"A woman with long, black hair, brown eyes, and a pink lip."
/home/celeba_hq/train/female/158354.jpg,"A young woman with long, wavy brown hair and bright blue eyes smiles at the camera. Her nose is straight and her lips are full, with a slight smile. Her teeth are white and her skin is smooth and tan."
/home/celeba_hq/train/female/110210.jpg,"A woman with dark hair, brown eyes, and a slight smile. She has gold hoop earrings and gold lipstick. Her skin is tan and her hair is dark brown."
/home/celeba_hq/train/female/090012.jpg,"Close up of a woman with blonde hair, blue eyes, and a nose ring. Her lips are pink and she has a slight smile."
/home/celeba_hq/train/female/015709.jpg,"A woman with dark hair, brown eyes, and a wide smile. She has full lips and a high cheekbone, and her skin is smooth and brown. Her eyes are slightly smoky and her eyelashes are long. Her hair is dark and wavy."
/home/celeba_hq/train/female/116889.jpg,"A woman with brown hair, brown eyes, and light brown skin. Her hair is shoulder-length and wavy. She is wearing a black bra and has a slight smile on her lips. Her eyebrows are arched and her eyelashes are long. Her nose is straight and her lips are full. Her skin is smooth and her cheeks are rosy."
/home/celeba_hq/train/female/183256.jpg,"A woman with brown eyes, brown hair, and a brown nose. Her eyes are open, her eyebrows are arched, her mouth is closed, and her cheeks are rosy. Her hair is shoulder-length and wavy, and she is wearing a black top."
/home/celeba_hq/train/female/130537.jpg,"A close up of a woman's face with brown eyes, a straight, dark brown brow, and full lips. She has a straight, dark brown brow and a straight, dark brown fringe. Her eyes are brown and she has full lips. Her skin is smooth and has a pink tinge. She is wearing a pair of earrings that are shaped like leaves and are covered in white and gold glitter."
/home/celeba_hq/train/female/086796.jpg,"A woman with brown eyes, a straight nose, and a slight smile. Her hair is brown and wavy."
/home/celeba_hq/train/female/161912.jpg,"A woman with brown eyes, freckles, and dark brown hair."
/home/celeba_hq/train/female/137414.jpg,"A woman with a black bob, brown eyes, and fair skin. Her nose is straight and her lips are slightly parted. Her eyebrows are arched and her ears are pierced."
/home/celeba_hq/train/female/000632.jpg,"A woman with long, dark hair and green eyes smiles at the camera. Her skin is smooth and her teeth are white."
/home/celeba_hq/train/female/004377.jpg,"A woman with dark hair and makeup, her arm resting on her shoulder, looking at the camera."
/home/celeba_hq/train/female/074233.jpg,A woman with blonde hair and closed eyes kisses a golden statue.
/home/celeba_hq/train/female/177754.jpg,"A woman with short brown hair and a pearl necklace. She has brown eyes, a small nose, and full lips. Her skin is smooth and brown, and she is looking at the camera. Her hair is brown and spiky."
/home/celeba_hq/train/female/133892.jpg,"A woman with blonde hair, blue eyes, and fair skin. She has a slight smile, slightly arched eyebrows, and her hair is pulled back."
/home/celeba_hq/train/female/194362.jpg,A woman with dark hair and a colorful headband smiles at the camera.
/home/celeba_hq/train/female/113697.jpg,"A woman with long, dark hair and a bright smile. Her eyes are brown, her nose is straight, and her lips are full. Her skin is smooth and her teeth are white."
/home/celeba_hq/train/female/196163.jpg,"Close-up of a smiling woman with dark curly hair, brown eyes, and full lips. She has a high forehead and a broad nose. Her ears are pierced and she is wearing stud earrings. Her teeth are white and her smile is bright."
/home/celeba_hq/train/female/159894.jpg,"Close-up of a woman with wet hair and a wet face, looking upwards. She has blue eyes, a small nose, and full lips. Her skin is smooth and brown."
/home/celeba_hq/train/female/103095.jpg,"A woman with long, dark hair, brown eyes, and a small nose ring. Her lips are pink and full, and she has a slight smile on her lips. Her skin is smooth and brown, with a few freckles on her face. Her hair is wavy and falls to her shoulders."
/home/celeba_hq/train/female/067816.jpg,"A smiling woman with blonde curly hair, blue eyes, and fair skin."
/home/celeba_hq/train/female/084212.jpg,"A woman with brown eyes, brown hair, and a brown nose. Her hair is brown and is styled in a bun. Her skin is brown and has some wrinkles. Her eyes are brown and her eyebrows are arched. Her lips are pink and her teeth are white. She is smiling."
/home/celeba_hq/train/female/182838.jpg,"A woman with dark hair and bangs, brown eyes, and a slight smile."
/home/celeba_hq/train/female/043532.jpg,"A woman with brown eyes, a nose piercing, and a red bindi. Her skin is brown and has a few wrinkles. Her eyebrows are arched and her eyelashes are long. Her lips are pink and her hair is brown."
/home/celeba_hq/train/female/049147.jpg,"A woman with brown eyes, brown hair, and a wide smile."
/home/celeba_hq/train/female/143382.jpg,"A woman with brown eyes, brown hair, and brown skin. Her eyes are almond-shaped and slightly droopy, with long eyelashes. Her nose is straight and narrow, with a slightly upturned tip. Her lips are thin and slightly upturned at the corners. Her teeth are slightly yellowed, and her smile is slightly crooked. Her skin is smooth and has a few small wrinkles around her eyes and mouth. Her hair is wavy and falls in front of her shoulders."
/home/celeba_hq/train/female/036807.jpg,"A woman with brown eyes, a nose, and lips, and curly brown hair."
/home/celeba_hq/train/female/063571.jpg,"Close-up of a woman's face with dark hair, brown eyes, and full lips."
/home/celeba_hq/train/female/026124.jpg,"A blonde woman with bangs and blue eyes, her mouth open with her tongue sticking out."
/home/celeba_hq/train/female/146793.jpg,"A woman with long, dark hair, brown eyes, and a wide smile waves at the camera. Her skin is smooth and tanned, with a few blemishes. Her eyebrows are arched and her nose is straight. Her lips are full and her teeth are white."
/home/celeba_hq/train/female/126280.jpg,"A woman with brown eyes, brown hair, and light brown skin."
/home/celeba_hq/train/female/134679.jpg,"A woman with short brown hair, brown eyes, and a white smile."
/home/celeba_hq/val/female/033560.jpg,"A woman with dark hair styled in a bun, green eyes, and full lips. She is wearing a diamond necklace and chandelier earrings."
/home/celeba_hq/val/female/056173.jpg,"A woman with brown eyes, brown hair, and a pink lip."
/home/celeba_hq/train/female/060036.jpg,"A young woman with long black hair, brown eyes, and pink lips. Her nose is straight and her eyebrows are arched. Her skin is smooth and her hair is blowing to one side."
/home/celeba_hq/train/female/165281.jpg,"A woman with brown eyes, brown hair, and fair skin, smiling with her teeth showing."
/home/celeba_hq/train/female/053132.jpg,"A woman with blonde hair and blue eyes, smiling with her eyes half closed. Her nose is straight and her lips are slightly parted. Her teeth are white and her skin is smooth."
/home/celeba_hq/train/female/101520.jpg,"A woman with long, dark hair and blue eyes looks directly at the camera. Her lips are slightly parted, and she has a slight smile on her lips. Her nose is straight and narrow, and her skin is smooth and tan. Her eyebrows are arched and set above deep-set blue eyes. Her hair is long and dark, and it falls in waves around her shoulders."
/home/celeba_hq/train/female/047646.jpg,"A woman with dark hair, brown eyes, and a slight smile. Her skin is smooth and has a natural glow. Her eyebrows are arched and her eyelashes are long. Her nose is straight and her lips are full, with pink lips. Her ears are small and her hair is pulled back."
/home/celeba_hq/train/female/047868.jpg,"Close-up of a woman with long, black hair, brown eyes, and a neutral expression. Her skin is smooth and her lips are slightly parted."
/home/celeba_hq/val/female/000168.jpg,"A close-up of a smiling woman with brown eyes, full lips, and high cheekbones. She has a nose piercing and a small silver stud above her upper lip. Her skin is smooth and brown, and her hair is tied back."
/home/celeba_hq/train/female/109797.jpg,"A woman with brown eyes, brown hair, and hoop earrings smiles at the camera."
/home/celeba_hq/train/female/122480.jpg,"A woman with dark hair tied back, brown eyes, and a neutral expression. Her skin is smooth and has a few blemishes."
/home/celeba_hq/train/female/102789.jpg,"A woman with long, wavy hair and a neutral expression. Her skin is brown and slightly wrinkled, with a few fine lines around her eyes. Her eyebrows are dark and her lips are slightly parted. Her nose is straight and her ears are pierced."
/home/celeba_hq/train/female/172862.jpg,"A woman with long hair, brown eyes, and a full mouth. Her nose is straight and her lips are pink."
/home/celeba_hq/train/female/027826.jpg,"A woman with blue eyes, a brown coat, and a fur collar looks directly at the camera."
/home/celeba_hq/train/female/022099.jpg,"A woman with blonde hair, brown eyes, and a wide smile."
/home/celeba_hq/train/female/058093.jpg,"A woman with brown eyes, a straight nose, and a slight smile with her teeth showing. Her hair is shoulder-length and brown, and she is wearing earrings. Her skin is smooth and her eyebrows are arched."
/home/celeba_hq/train/female/081991.jpg,"A woman with dark hair, brown eyes, and a slight smile. Her skin is smooth and her eyebrows are arched."
/home/celeba_hq/train/female/128528.jpg,"A woman with long, dark hair, brown eyes, and a slight smile. Her skin is smooth and brown, with a few freckles. Her eyebrows are arched and her nose is straight. Her lips are full and her teeth are white."
/home/celeba_hq/train/female/187762.jpg,"Close-up of a woman's face with large earrings, brown eyes, and dark hair."
/home/celeba_hq/train/female/112818.jpg,"A woman with wavy hair, red lipstick, and a neutral expression. Her eyes are brown, her nose is straight, her lips are full, and her eyebrows are arched. Her skin is brown and her ears are pierced."
/home/celeba_hq/train/female/100070.jpg,"A woman with dark hair in a ponytail, brown eyes, and a small smile. Her skin is smooth and brown."
/home/celeba_hq/train/female/010862.jpg,"A woman with long, black hair, brown eyes, and a neutral expression. Her skin is smooth and her nails are painted red."
/home/celeba_hq/train/female/081141.jpg,"A woman with long, dark hair and a neutral expression. Her lips are slightly parted and she has a small nose. Her eyes are brown and her skin is smooth."
/home/celeba_hq/train/female/134477.jpg,"A woman with blonde hair, brown eyes, and a wide smile. Her skin is smooth and tanned, with a few freckles scattered across her face. Her hair is wavy and shoulder-length, and she is wearing gold hoop earrings."
/home/celeba_hq/train/female/099566.jpg,"A woman with dark hair, brown eyes, and full lips looks into the camera. Her skin is smooth and has a natural glow. Her eyebrows are arched and her eyelashes are long. Her nose is straight and her lips are slightly parted. Her ears are small and her hair is long and wavy."
/home/celeba_hq/train/female/002640.jpg,"A woman with dark hair and blue eyes, smiling with a red lip and white teeth."
/home/celeba_hq/train/female/161373.jpg,"A close-up of a woman with red hair, blue eyes, and a youthful, rosy complexion. Her nose is straight and slightly upturned at the tip, her lips are full and slightly parted, and her ears are adorned with diamond earrings. Her eyebrows are arched and her eyelashes are long."
/home/celeba_hq/train/female/125392.jpg,"A woman with blonde hair, blue eyes, and fair skin with freckles. She has a small nose and full lips. Her eyebrows are arched and her cheeks are rosy."
/home/celeba_hq/train/female/149571.jpg,"Close-up of a smiling woman with brown eyes, brown hair, and fair skin. She has long, wavy hair and is wearing diamond earrings. Her smile is wide and her eyes are slightly smoky."
/home/celeba_hq/train/female/126820.jpg,"A woman with brown eyes, brown hair, and brown skin. Her hair is slicked back and she is wearing a gold necklace. Her lips are slightly parted and she looks off to the side."
/home/celeba_hq/train/female/133953.jpg,"A woman with high cheekbones, bold red lips, and a slight smile. Her eyes are blue with thick, arched brows. Her skin is smooth and brown. Her hair is slicked back."
/home/celeba_hq/train/female/123599.jpg,"A smiling woman with dark hair, blue eyes, and pale skin."
/home/celeba_hq/train/female/092498.jpg,"A woman with long, dark hair and brown eyes looks directly at the camera. Her lips are slightly parted, and she has a slight smile on her lips. Her nose is straight and her skin is smooth and tan. Her hair is sleek and shiny."
/home/celeba_hq/train/female/111404.jpg,"A woman with blonde hair, blue eyes, and a big smile."
/home/celeba_hq/train/female/129878.jpg,"A woman with long, dark hair, red lipstick, and a bright smile. Her eyes are brown, her eyebrows arched, and her nose straight. Her skin is smooth and her hair is shiny."
/home/celeba_hq/train/female/186669.jpg,"A woman with blonde hair, blue earrings, and a slight smile. Her eyes are brown, her eyebrows arched, her nose straight, her lips pink, and her teeth white. Her skin is smooth and her hair is long."
/home/celeba_hq/val/female/071801.jpg,"A woman with dark hair, brown eyes, and a small smile. Her nose is straight and her lips are slightly parted. She is wearing earrings and her hair is dark."
/home/celeba_hq/train/female/192487.jpg,"A woman with dark hair, brown eyes, and a small nose. Her lips are pink and her skin is smooth."
/home/celeba_hq/train/female/193181.jpg,A selfie of a woman with blonde hair and blue eyes. She has a neutral expression and her lips are slightly parted.
/home/celeba_hq/train/female/115778.jpg,"A woman with dark hair, smiling with her teeth showing, and wearing gold earrings."
/home/celeba_hq/train/female/009836.jpg,"Close-up of a woman with long, dark hair, brown eyes, and a neutral expression. Her skin is smooth and has a natural glow."
/home/celeba_hq/train/female/197172.jpg,"A woman with blue eyes, red lipstick, and dark brown hair."
/home/celeba_hq/train/female/119883.jpg,"Close-up of a woman's smiling face with long black hair, a bindi, and gold earrings. Her eyes are brown, her eyebrows are arched, her nose is straight, her lips are red, and her skin is smooth."
/home/celeba_hq/train/female/132642.jpg,A woman with long brown hair and blue eyes looks off to the side. Her lips are slightly parted and she has a fur collar around her neck.
/home/celeba_hq/train/female/121169.jpg,"A woman with blonde hair, brown eyes, and hoop earrings. Her skin is tan and she has a slight smile."
/home/celeba_hq/val/female/137253.jpg,"A woman with dark hair, brown eyes, and a slight smile. Her skin is smooth and brown, with a few freckles. Her eyebrows are arched and her eyelashes are long. Her nose is straight and her lips are full, with pink lipstick. Her teeth are white and her chin is slightly jutted out."
/home/celeba_hq/val/female/156095.jpg,"A woman with long, light brown hair, brown eyes, and fair skin. She is smiling and has light pink lipstick on."
/home/celeba_hq/train/female/042309.jpg,"A woman with blonde hair, blue eyes, and a neutral expression. Her nose is straight and slightly upturned at the tip, her lips are thin, and her eyebrows are arched. Her skin is smooth and has a light pink tint."
/home/celeba_hq/train/female/148603.jpg,Close-up of a woman with blonde hair and blue eyes. She has a slight smile and her hand is on her shoulder. Her skin is clear and her hair is wavy.
/home/celeba_hq/train/female/120724.jpg,"A woman with short brown hair, smiling with her teeth showing, and wearing red lipstick. She has brown eyes and a slightly upturned nose. Her skin is smooth and her hair is short and brown."
/home/celeba_hq/train/female/049123.jpg,"A woman with a black hat and colorful makeup on her face, including blue, white, and red stripes on her eyelids. Her eyes are closed, and her lips are parted."
/home/celeba_hq/train/female/140825.jpg,"A woman with long black hair, brown eyes, and a neutral expression."
/home/celeba_hq/train/female/069138.jpg,"A woman with long brown hair, blue eyes, and a slight frown. Her skin is smooth and pink, and she is wearing a black top."
/home/celeba_hq/train/female/003117.jpg,"A woman with blonde hair, red lipstick, and heavy makeup, with her mouth open and tongue out."
/home/celeba_hq/train/female/043618.jpg,"A woman with dark hair and brown eyes, looking off to the side. Her lips are slightly parted, and she has a faint smile on her lips. Her hair is dark and falls in waves around her face."
/home/celeba_hq/train/female/112228.jpg,"A woman with dark hair and brown eyes looks into the camera with a sad expression. Her hands are on her head, and she has a small amount of makeup on. Her eyebrows are arched, and her mouth is closed."
/home/celeba_hq/train/female/123487.jpg,"A woman with brown eyes, brown hair, and a neutral expression."
/home/celeba_hq/train/female/059687.jpg,"A woman with curly hair, brown eyes, and a warm smile. Her skin is smooth and tanned, with a touch of pink. Her eyebrows are arched and full, her nose is straight, and her lips are full and pink. She is wearing pearl earrings and a red scarf."
/home/celeba_hq/train/female/145760.jpg,"A woman with brown eyes, a small nose, and full lips. Her skin is smooth and has a light sheen. She has red highlights in her hair and is wearing gold hoop earrings."
/home/celeba_hq/train/female/170672.jpg,"A woman with brown eyes, light brown hair, and a small nose. Her lips are pink and she has a slight smile."
/home/celeba_hq/train/female/017621.jpg,"A woman with long black hair, a tear rolling down her cheek, and a ring on her left hand."
/home/celeba_hq/train/female/160659.jpg,"A woman with dark hair, brown eyes, and full lips. Her nose is straight and slightly upturned at the tip. Her eyebrows are arched and slightly bushy. Her skin is smooth and slightly tan. Her lips are full and slightly upturned at the corners. Her teeth are white and straight. Her ears are small and have piercings. Her hair is shoulder-length and wavy."
/home/celeba_hq/train/female/020983.jpg,"A woman with dark hair and glasses, her face is tilted slightly to the side, her eyes are open and focused on something off camera, her mouth is closed, and her eyebrows are raised slightly. Her skin is smooth and her hair is curly."
/home/celeba_hq/train/female/020420.jpg,"A woman with dark hair, brown eyes, and a bright smile. Her skin is smooth and tanned, with a few freckles scattered across her nose. Her eyebrows are arched and her eyelashes are long. Her lips are full and her teeth are white."
/home/celeba_hq/train/female/085038.jpg,"A woman with brown eyes, brown hair, and a slight smile."
/home/celeba_hq/train/female/059357.jpg,"A woman with blonde hair, blue eyes, and a cute smile."
/home/celeba_hq/train/female/000896.jpg,"Close-up of a woman's face with brown eyes, brown hair, red lipstick, and hoop earrings."
/home/celeba_hq/train/female/019690.jpg,A woman with wet hair and a smile on her face.
/home/celeba_hq/train/female/105126.jpg,"Close-up of a woman with long, dark hair, brown eyes, and a small nose. Her lips are slightly parted and she is wearing large hoop earrings."
/home/celeba_hq/train/female/141681.jpg,"A woman with dark hair and brown eyes, her nose is straight and her mouth is closed, showing her teeth. She has a slight frown and her ears are small. Her skin is smooth and her hair is black."
/home/celeba_hq/train/female/121636.jpg,"A woman with brown hair and blue eyes, smiling with her head tilted to the side. Her lips are slightly parted and her eyes are bright."
/home/celeba_hq/train/female/140924.jpg,"A woman with red hair, a pink headband, and a wide smile. She has brown eyes, a pointy nose, and full lips. Her ears are pierced with small studs."
/home/celeba_hq/train/female/194101.jpg,"A woman with brown eyes, straight brown hair, and brown skin. Her eyebrows are arched and her lips are full. Her nose is straight and her face is oval-shaped. Her ears are small and pierced. Her skin is smooth and her hair is wavy."
/home/celeba_hq/train/female/063869.jpg,"A woman with brown eyes, full lips, and a straight nose. Her skin is smooth and taut, with a few wrinkles around her eyes. Her hair is chestnut brown, with light brown highlights."
/home/celeba_hq/train/female/074413.jpg,"A woman with blonde hair, brown eyes, and a wide smile."
/home/celeba_hq/train/female/079677.jpg,"Closeup of a woman with dark brown hair, brown eyes, and a medium-sized nose. Her lips are pink and her skin is smooth."
/home/celeba_hq/train/female/148752.jpg,"A woman with long, light brown hair, blue eyes, and fair skin. She has a slight smile and her hair is pulled back."
/home/celeba_hq/train/female/055189.jpg,"Close-up of a woman with long brown hair, brown eyes, and a nose ring. She is wearing a pink top and has blue earrings."
/home/celeba_hq/train/female/102819.jpg,"A woman with brown curly hair, blue eyes, and a small nose. Her lips are pink and she has a slight smile."
/home/celeba_hq/train/female/164740.jpg,"A woman with dark hair, brown eyes, and a small nose. Her lips are pink and she is wearing earrings."
/home/celeba_hq/train/female/134081.jpg,"Close-up of a woman with long hair, brown eyes, and brown lipstick. Her nose is straight and her lips are thin. She is wearing earrings and her hair is tousled."
/home/celeba_hq/train/female/089593.jpg,"A woman with long dark hair, brown eyes, and a bright smile. Her skin is smooth and brown, with a few freckles scattered across her face. Her eyebrows are arched and slightly bushy, and her nose is straight and narrow. Her lips are full and shaped like a微笑, with a natural pink color. Her teeth are white and straight, and her cheeks are slightly flushed. Her ears are small and protruding slightly from her head."
/home/celeba_hq/train/female/134873.jpg,"A woman with blonde hair, brown eyes, and a slightly tan complexion. Her hair is shoulder-length and wavy, and she is wearing hoop earrings. Her mouth is slightly open, revealing pink lips, and her eyebrows are arched."
/home/celeba_hq/train/female/024266.jpg,"A woman with long, dark hair and a red bindi smiles at the camera. Her eyes are brown, her eyebrows arched, and her nose straight. Her lips are full and pink, and her skin is smooth and brown."
/home/celeba_hq/train/female/142879.jpg,"A woman with long, dark hair, a nose ring, and a slight smile. Her eyes are brown and she has a few wrinkles around her mouth. Her skin is smooth and has a pink tint."
/home/celeba_hq/train/female/185979.jpg,"A woman with dark hair, brown eyes, and a wide smile. Her nose is slightly crooked and she has a small nose piercing. Her eyebrows are arched and her skin is smooth with a few freckles."
/home/celeba_hq/train/female/016675.jpg,"A woman with brown eyes, brown hair, and a white shirt."
/home/celeba_hq/train/female/070589.jpg,"A woman with brown hair pulled back, green eyes, and fair skin."
/home/celeba_hq/train/female/152003.jpg,"A woman with brown eyes, a straight nose, and full lips. Her hair is brown and pulled back."
/home/celeba_hq/train/female/174861.jpg,"A woman with dark curly hair, brown eyes, and a slight smile. Her skin is smooth and has a natural glow. Her eyebrows are arched and her nose is straight. Her lips are full and her teeth are white. She is wearing earrings and her hair is pulled back."
/home/celeba_hq/train/female/120846.jpg,"A woman with long, dark hair and brown eyes. Her lips are pink and her nose is straight. Her eyebrows are arched and her ears are pierced."
/home/celeba_hq/train/female/128799.jpg,"Close-up of a woman with long black hair, a nose piercing, and a slight smile. Her eyes are brown and she has full lips."
/home/celeba_hq/train/female/182826.jpg,"A woman with dark hair, brown eyes, and a slight smile. Her skin is smooth and brown, with a few blemishes. Her eyebrows are arched and her nose is straight. Her lips are full and her teeth are white."
/home/celeba_hq/train/female/107378.jpg,"A woman with long, wavy brown hair and brown eyes. She has a pink lip and her head is tilted to the side."
/home/celeba_hq/train/female/182280.jpg,"A woman with dark hair, blue eyes, and fair skin. Her eyebrows are arched and her eyelashes are long. Her nose is straight and her lips are full. She is wearing diamond earrings and her hair is pulled back."
/home/celeba_hq/train/female/145412.jpg,"A woman with brown eyes, brown eyebrows, and pink lips. Her skin is smooth and tan. She has dark brown hair and is wearing earrings."
/home/celeba_hq/train/female/172044.jpg,"A woman with brown hair, blue eyes, and light pink lips. Her nose is straight and her eyebrows are arched. Her mouth is slightly parted and her teeth are white. She is wearing a brown fur coat."
/home/celeba_hq/train/female/014556.jpg,"A woman with dark hair, brown eyes, and pink lipstick looks into the distance."
/home/celeba_hq/train/female/054075.jpg,"A woman with dark hair, brown eyes, and fair skin. She has a slight smile and her hair is curled."
/home/celeba_hq/train/female/064339.jpg,"A woman with long black hair, brown eyes, and a pink lip."
/home/celeba_hq/train/female/042396.jpg,"A woman with blue eyes, a nose, a mouth, and ears, with hair or fur, in front of a man."
/home/celeba_hq/train/female/029959.jpg,"A woman with dark hair, wearing a tiara, with her eyes partially closed, showing long eyelashes, a small nose, and a mouth with slightly parted lips."
/home/celeba_hq/train/female/140194.jpg,"A woman with brown eyes, a straight nose, and a slight smile with pink lipstick. Her hair is tied back and she has a few tendrils framing her face. Her skin is smooth and her eyebrows are arched."
/home/celeba_hq/train/female/189168.jpg,"A woman with dark hair, brown eyes, and a neutral expression. Her skin is smooth and her eyebrows are arched. Her lips are pink and her nose is straight. She is wearing long earrings."
/home/celeba_hq/train/female/114825.jpg,"A woman with dark hair, brown eyes, and white teeth smiles at the camera."
/home/celeba_hq/train/female/077276.jpg,"A woman with long, dark hair smiling with her eyes closed. Her nose is straight and her lips are slightly parted. Her teeth are white and her skin is smooth."
/home/celeba_hq/train/female/025488.jpg,"A woman with blonde hair tied back, blue eyes, and fair skin. Her eyebrows are arched and her mouth is closed, giving a slight smile."
/home/celeba_hq/train/female/009190.jpg,"A woman with dark eyes, dark lipstick, and a pink headband with red and white rhinestones. Her skin is smooth and her eyebrows are arched. She has a slight frown and her eyes are downturned."
/home/celeba_hq/train/female/014232.jpg,"A woman with brown eyes, a small nose, and a wide smile with white teeth. She has a black leather hat on her head and her hair is long and brown."
/home/celeba_hq/train/female/196974.jpg,A woman with blonde hair and black lipstick.
/home/celeba_hq/train/female/126515.jpg,"A woman with long, dark hair and brown eyes. Her lips are a dusty pink and she has a slight smile. Her nose is straight and her skin is smooth with a few small blemishes. Her eyebrows are arched and her ears are pierced."
/home/celeba_hq/train/female/031708.jpg,"A woman with blonde hair and blue eyes, smiling at the camera."
/home/celeba_hq/train/female/187957.jpg,"A woman with dark brown eyes, curly brown hair, and a small nose with a slight upturn at the tip. Her lips are pink and slightly upturned at the corners, and she has a faint smile on her lips. Her skin is smooth and slightly shiny, with a few wrinkles around her eyes and at the corners of her mouth."
/home/celeba_hq/val/female/201978.jpg,"A woman with dark brown eyes, a small nose, and a wide smile with white teeth. Her skin is smooth and brown, and her hair is pulled back."
/home/celeba_hq/train/female/073755.jpg,"A woman with curly brown hair, a square jawline, full lips, and a small nose. Her eyes are brown and she has a slight smile on her lips."
/home/celeba_hq/train/female/084209.jpg,"A smiling woman with short black hair, brown eyes, and a white dress. She has a round face with a wide smile, a small nose, and full lips. Her ears are pierced with small white earrings."
/home/celeba_hq/train/female/135347.jpg,"A woman with hooded black garment covering her head, wearing a gold choker, her lips are slightly parted and she looks into the camera."
/home/celeba_hq/train/female/183350.jpg,"A woman with long, dark hair smiling at the camera. She has brown eyes, a small nose, and full lips. Her skin is brown and smooth."
/home/celeba_hq/train/female/062681.jpg,"A woman with a medium-sized head, her hair pulled back, and her face is devoid of wrinkles. Her skin is a deep brown and her eyebrows are arched. Her eyes are brown and her eyelashes are long. Her nose is straight and her lips are full and red. She is wearing earrings with turquoise and gold."
/home/celeba_hq/train/female/095355.jpg,"A woman with short hair, brown eyes, and a slight smile. Her skin is brown and her hair is black."
/home/celeba_hq/train/female/067206.jpg,"A smiling woman with long, straight hair, dark eyes, and full lips. Her skin is smooth and has a warm, healthy glow. Her eyebrows are arched and her eyelashes are long. Her nose is straight and her lips are bright pink."
/home/celeba_hq/train/female/072775.jpg,"A woman with a slight smile, dark brown eyes, and dark brown hair, tied in a bun. Her skin is smooth and brown, with a few freckles. Her eyebrows are arched and her nose is straight. Her lips are pink and full, with a slight frown line above them. She has a mole on her left cheek and her ears are pierced with small silver earrings."
/home/celeba_hq/train/female/064655.jpg,"A woman with a square-shaped face, large hoop earrings, and a neutral expression. Her skin is smooth and brown, with slightly angular features."
/home/celeba_hq/train/female/080816.jpg,"A woman with blonde hair and a pink top, with a white pearl necklace. Her eyes are green, her eyebrows are arched, her nose is straight, her lips are pink with a slight smile, and her teeth are white with a slight yellow tinge. She has wavy blonde hair and her ears are pierced with small gold earrings."
/home/celeba_hq/val/female/017249.jpg,"A woman with long, dark hair, brown eyes, and a slight smile. Her nose is straight and her lips are full. Her skin is smooth and her ears have small, round earrings."
/home/celeba_hq/train/female/186645.jpg,"A woman with her head resting on her arm, looking downwards with a contemplative expression."
/home/celeba_hq/train/female/120072.jpg,"Close-up of a woman's face with large brown eyes, a small nose, and full lips. She has long, wavy hair and is wearing a red lip."
/home/celeba_hq/train/female/110164.jpg,"A woman with dark curly hair, brown eyes, and a warm smile. Her skin is a deep brown, and she has a few lines around her eyes. Her hair is curly and black."
/home/celeba_hq/train/female/160372.jpg,"A woman with long, straight hair and bangs, brown eyes, and brown skin. Her lips are full and her teeth are white."
/home/celeba_hq/val/female/194879.jpg,"A woman with a smiling expression, brown eyes, and dark brown hair tied back in a ponytail. She has a light brown skin tone and her teeth are white."
/home/celeba_hq/train/female/098876.jpg,"A woman with short blonde hair, brown eyes, and a small nose. Her mouth is slightly open, revealing pink lips and white teeth. Her eyebrows are arched and slightly furrowed."
/home/celeba_hq/val/female/012931.jpg,Close up of a woman's face with cornrows in her hair and a slight smile on her lips. Her eyes are brown and she has a high nose bridge and full lips. Her skin is brown and she has a few freckles.
/home/celeba_hq/train/female/127384.jpg,"A smiling woman with long, dark hair, brown eyes, and a small mole above her upper lip. Her skin is smooth and tanned, and she wears diamond earrings."
/home/celeba_hq/train/female/090237.jpg,"A woman with long, straight black hair, brown eyes, and a wide smile. Her nose is straight and slightly upturned at the tip, her lips are full and pink, and her eyebrows are arched and bushy. Her skin is smooth and brown, with a few small wrinkles around her eyes. She is wearing minimal makeup, with a smoky eye and a hint of blush on her cheeks."
/home/celeba_hq/train/female/102093.jpg,"A woman with a round face, full lips, and wide-set eyes. She has a smooth, tan complexion with a few wrinkles around her eyes and mouth. Her hair is short and black."
/home/celeba_hq/train/female/098830.jpg,"A woman with light brown hair, brown eyes, and fair skin. She is smiling and has a rosy cheek."
/home/celeba_hq/train/female/172152.jpg,"Close-up of a woman with auburn hair, wearing diamond earrings, with her lips slightly parted and blowing a kiss."
/home/celeba_hq/train/female/013721.jpg,"A woman with dark brown eyes, a small nose, and a wide smile shows off her gold medal."
/home/celeba_hq/train/female/200654.jpg,"The face of a woman with braids, wearing a black hat and dramatic makeup, stares out from the cover of a magazine."
/home/celeba_hq/train/female/077714.jpg,"A woman with a round face, full lips, and dark skin. She has long, wavy hair and is smiling."
/home/celeba_hq/train/female/022362.jpg,"A close-up of a woman's face with a round shape, full lips, and dark skin. She has a slight smile and her eyes are open."
/home/celeba_hq/train/female/048294.jpg,"A woman with long, dark hair, brown eyes, and a small nose. Her lips are pink and her teeth are white."
/home/celeba_hq/train/female/073211.jpg,"A woman with auburn hair tied in a bun, large earrings, and a big smile. Her eyes are a greenish-brown, and she has a double chin."
/home/celeba_hq/train/female/098860.jpg,"A woman with a wide smile, large hoop earrings, and a natural afro."
/home/celeba_hq/train/female/004671.jpg,"A smiling woman with dark skin, large earrings, and long hair. She has a high forehead, almond-shaped eyes, and a small nose. Her lips are full and her teeth are white."
/home/celeba_hq/train/female/134056.jpg,A woman with dark hair and a tan complexion looks directly into the camera. Her eyes are brown and her eyebrows are arched. Her lips are thin and her nose is straight. Her ears are small and her forehead is broad.
/home/celeba_hq/train/female/193582.jpg,"A smiling woman with short, curly brown hair, blue eyes, and pink lipstick. Her skin is brown and she has a double chin."
/home/celeba_hq/train/female/198784.jpg,"Close-up of Stacey Dash smiling with brown eyes, a nose, lips, and eyebrows, and a pink lipstick."
/home/celeba_hq/val/female/005134.jpg,"A woman with a round face, large hoop earrings, and a wide smile. Her eyes are brown, her nose is straight, and her lips are full. Her skin is brown and smooth, with a hint of shine. Her hair is pulled back and her eyebrows are arched."
/home/celeba_hq/train/female/046041.jpg,"Close-up of a woman with long, straight, black hair, bangs, and hoop earrings. Her eyes are brown, her eyebrows are arched, her nose is straight, her lips are pink, and her teeth are white. Her skin is smooth and her face is slightly smiling."
/home/celeba_hq/train/female/126637.jpg,"A woman with dark hair, a round face, and a wide smile with white teeth. Her eyes are brown, she has a small nose, and her ears are pierced. Her skin is brown and her hair is long and black. She is wearing a black dress."
/home/celeba_hq/train/female/083244.jpg,A woman with brown eyes and a brown afro stands in front of a black background. She is wearing purple eye shadow and lip gloss.
/home/celeba_hq/train/female/112314.jpg,"Close-up of a woman with dark skin, brown eyes, and black hair. She is smiling and looking to the left."
/home/celeba_hq/train/female/117654.jpg,"Close-up of a woman with long, wavy hair, brown eyes, and a small nose. Her lips are slightly parted and she is wearing gold earrings."
/home/celeba_hq/train/female/043627.jpg,"A woman with dark brown eyes, a small nose, and full lips. Her skin is smooth and brown, and she has long black hair."
/home/celeba_hq/train/female/053397.jpg,"A woman with a wide smile, large hoop earrings, and dark curly hair. Her eyes are brown, her nose is straight, and her lips are full. Her skin is smooth and her hair is black."
/home/celeba_hq/train/female/099909.jpg,"Close-up of a woman with blonde hair, blue eyes, and a slight smile. Her nose is straight and her eyebrows are arched. Her lips are full and her teeth are white."
/home/celeba_hq/val/female/058498.jpg,"Close-up of a woman with long, dark hair, smoky eye makeup, and pink lipstick. Her face is oval-shaped with a high forehead, straight nose, and full lips. Her skin is smooth and has a pink tinge."
/home/celeba_hq/train/female/040650.jpg,"A woman with dark skin and hair in twists, smiling at the camera."
/home/celeba_hq/train/female/041178.jpg,"A woman with a high bun, large hoop earrings, and a wide smile. Her eyes are brown, her nose is straight, her lips are full and her teeth are white. Her skin is brown and her hair is black."
/home/celeba_hq/train/female/028275.jpg,"A woman with blonde hair, blue eyes, and a slight smile. She has full lips and a pointed nose. Her eyes are slightly smoky and she is wearing a black and silver necklace."
/home/celeba_hq/train/female/103946.jpg,"A woman with long, curly hair, brown eyes, and a neutral expression. Her lips are slightly parted and she has a small mole above her lip."
/home/celeba_hq/train/female/006578.jpg,"Close-up of a young woman with a high ponytail, smiling, with her eyes looking to the side."
/home/celeba_hq/train/female/116458.jpg,"Naomi Campbell has a strikingly beautiful face with high cheekbones, a small nose, full lips, and striking eyes. Her skin is smooth and supple, with a warm, healthy glow. Her hair is long and sleek, and she wears minimal makeup, with a hint of pink lipstick and smoky eyeshadow."
/home/celeba_hq/train/female/126592.jpg,"A woman with a sharp nose and full lips, her hand touching her face."
/home/celeba_hq/train/female/122669.jpg,"A woman with a broad smile, green eyes, and long black hair."
/home/celeba_hq/train/female/005629.jpg,"A woman with blonde hair, thick eyebrows, full lips, and a slight smile."
/home/celeba_hq/train/female/041602.jpg,"A woman with short, blonde hair, brown eyes, and a small nose. Her lips are slightly parted and she is wearing gold hoop earrings."
/home/celeba_hq/train/female/108003.jpg,"Close-up of a woman with long, wavy hair and a neutral expression. Her skin is smooth and brown, with a subtle sheen. Her eyebrows are arched and her eyelashes long. Her lips are full and her nose is straight. Her ears are pierced with small gold studs."
/home/celeba_hq/train/female/022546.jpg,"A woman with long, wavy hair and brown eyes looks into the camera. Her lips are pink and her nose is straight. Her skin is smooth and brown."
/home/celeba_hq/train/female/029517.jpg,"A woman with a full head of curly hair, brown eyes, and a small smile. Her skin is a warm olive tone, and she wears large, emerald green earrings."
/home/celeba_hq/train/female/001560.jpg,"A woman with long, straight hair, brown eyes, and a wide smile. Her nose is straight and her lips are full. She is wearing long green earrings."
/home/celeba_hq/train/female/185236.jpg,"A woman with dark hair, large eyes, and a full mouth, making a surprised face."
/home/celeba_hq/train/female/201239.jpg,"A smiling woman with long, black hair, red lipstick, and gold eye shadow."
/home/celeba_hq/train/female/080099.jpg,"A woman with short, curly hair and a slight smile, her eyes are brown and her nose is straight. Her skin is a warm brown and her lips are pink."
/home/celeba_hq/train/female/105039.jpg,"A woman with brown curly hair, red lipstick, and hoop earrings smiles at the camera."
/home/celeba_hq/train/female/050133.jpg,"A woman with short black hair, brown eyes, and a wide smile."
/home/celeba_hq/train/female/078161.jpg,"A woman with short blonde hair, bold red lips, and large gold hoop earrings."
/home/celeba_hq/val/female/089752.jpg,"A woman with short black hair, brown eyes, and a warm smile."
/home/celeba_hq/train/female/117752.jpg,"A woman with curly hair, brown eyes, and a fair complexion. Her nose is straight and slightly upturned at the tip, her lips are full and pink, and her eyebrows are arched and bushy. She is smiling and wearing gold hoop earrings."
/home/celeba_hq/train/female/030109.jpg,"A woman with a high forehead, full lips, and a small nose."
/home/celeba_hq/train/female/006158.jpg,"A woman with blonde hair, brown eyes, and fair skin. Her eyebrows are arched and her eyelashes are long. Her lips are full and her nose is straight. She is wearing diamond earrings and has her hand in her hair."
/home/celeba_hq/train/female/170154.jpg,"A woman with short, curly hair, brown eyes, and a wide smile. Her skin is brown and appears slightly wrinkled, with laugh lines and a few blemishes. Her hair is black and curly, and she is wearing a diamond necklace."
/home/celeba_hq/train/female/186069.jpg,"A woman with black hair, a tear on her cheek, and a furrowed brow looks upwards."
/home/celeba_hq/train/female/015475.jpg,"A woman with a black short bob cut, smiling with a slight frown, showing white teeth, and a small amount of wrinkles around her mouth. She has brown eyes and a small nose. Her skin is brown and has some fine lines. She has small ears with earrings."
/home/celeba_hq/train/female/199094.jpg,"A woman with a high forehead, almond-shaped eyes, small nose, and wide smile."
/home/celeba_hq/train/female/158083.jpg,"Close-up of a smiling woman with auburn hair, brown eyes, and a small nose. She has full lips and earrings."
/home/celeba_hq/train/female/004079.jpg,"A woman with a round face, small nose, full lips, and big brown eyes. She has a slight smile and her hair is pulled back."
/home/celeba_hq/train/female/076434.jpg,"A woman with brown eyes, brown curly hair, and brown skin. Her nose is straight and her lips are pink. She has a slight smile and her eyebrows are arched."
/home/celeba_hq/train/female/055800.jpg,"A woman with long, black hair, brown eyes, and a wide smile. Her skin is smooth and brown, and she wears minimal makeup."
/home/celeba_hq/train/female/035247.jpg,"A woman with dark skin and black hair with a white streak down her forehead. Her eyes are wide open, her mouth is open, her eyebrows are raised, and her cheeks are puffed out."
/home/celeba_hq/train/female/120861.jpg,A woman with a fur trimmed hat and hoop earrings looks directly at the camera. Her lips are parted and she has a slight smile. Her eyes are brown and her skin is smooth and tan.
/home/celeba_hq/train/female/010294.jpg,"A woman with brown eyes, a slightly upturned nose, and full lips smiles at the camera. Her hair is a mix of brown and blonde."
/home/celeba_hq/val/female/186158.jpg,"A smiling woman with a broad smile, large hoop earrings, and straight black hair."
/home/celeba_hq/train/female/191422.jpg,"A woman with long, straight black hair, brown eyes, and a wide smile. Her skin is brown and slightly shiny, and she's wearing gold hoop earrings."
/home/celeba_hq/train/female/186883.jpg,"A woman with a dark complection, red lipstick, and curly hair tied in a bun. Her eyes are brown and she has thick eyebrows."
/home/celeba_hq/val/female/100926.jpg,"A woman with long, wavy brown hair, brown eyes, and a small nose. Her lips are pink and full, and she is wearing pink earrings. Her skin is smooth and tanned, and she has a slight frown."
/home/celeba_hq/val/female/003536.jpg,"A woman with long, dark hair, brown eyes, and a wide smile. Her skin is brown and she is wearing a silver eye shadow."
/home/celeba_hq/train/female/031640.jpg,"A woman with long, dark hair and a bindi on her forehead. She has almond-shaped eyes, a small nose, and full lips. Her skin is smooth and brown."
/home/celeba_hq/train/female/120134.jpg,"A woman with dark hair and brown eyes, wearing gold jewelry and a white garland around her neck."
/home/celeba_hq/train/female/011714.jpg,"A woman with red hair, blue eyes, and a pink lip."
/home/celeba_hq/train/female/043653.jpg,"A woman with dark hair tied back, brown eyes, and brown skin. Her smile is wide and her teeth are yellowing."
/home/celeba_hq/train/female/056479.jpg,"A woman with long, wavy hair, brown eyes, and a broad smile, showing her teeth. Her nose is straight and her skin is smooth and brown. She is wearing earrings and her hair is styled to one side."
/home/celeba_hq/train/female/198655.jpg,"A woman with brown eyes, brown hair, and brown skin. Her eyes are open and she has thick eyebrows. Her nose is straight and her lips are pink. She is wearing a red top and has diamond earrings."
/home/celeba_hq/train/female/095054.jpg,"A woman with blue eyes, full lips, and curly brown hair."
/home/celeba_hq/train/female/052118.jpg,"Close-up of a smiling woman with brown eyes, straight brown hair, and a green shirt. She is wearing blue earrings and has a gap between her front teeth."
/home/celeba_hq/train/female/010025.jpg,"A woman with curly blonde hair, brown eyes, and a small nose ring. Her lips are slightly parted and she has a slight frown."
/home/celeba_hq/train/female/138869.jpg,"A woman with long, dark hair, brown eyes, and a small nose. Her lips are pink and her skin is smooth."
/home/celeba_hq/train/female/176566.jpg,"A woman with brown eyes, a brown nose, and brown lips. Her eyes are open, her eyebrows are arched, her cheeks are rosy, and her mouth is closed. She has large hoop earrings and her hair is brown and wavy."
/home/celeba_hq/train/female/015720.jpg,"A woman with dark hair, brown eyes, and a slight smile. Her nose is straight and her lips are full. Her skin is smooth and her hair is dark."
/home/celeba_hq/train/female/163024.jpg,"A close-up of a smiling blonde woman with curly hair. She has large expressive eyes, a small nose, and a slightly upturned mouth. Her skin is smooth and her hair is curly."
/home/celeba_hq/train/female/021942.jpg,A woman with curly hair and a serious expression looks upwards. Her eyes are brown and her lips are pink.
/home/celeba_hq/train/female/091333.jpg,"A woman with long, dark hair, brown eyes, and a small nose. Her lips are pink and her smile is gentle."
/home/celeba_hq/train/female/087408.jpg,"A woman with dark hair, brown eyes, and a small nose ring. Her lips are pink and her skin is smooth."
/home/celeba_hq/train/female/012876.jpg,"A woman with a full face, long brown hair, brown eyes, and fair skin."
/home/celeba_hq/train/female/131481.jpg,"A woman with dark hair, brown eyes, and pink lipstick."
/home/celeba_hq/train/female/061824.jpg,"A woman with long, black hair, brown eyes, and a wide smile with her teeth showing. She has full lips and a prominent nose. Her skin is smooth and her eyebrows are arched."
/home/celeba_hq/train/female/185604.jpg,A woman with dark hair and brown eyes smiles at the camera. Her teeth are white and her nose is pointy. Her skin is smooth and her eyebrows are arched.
/home/celeba_hq/train/female/101280.jpg,"A woman with blonde hair, blue eyes, and a diamond patterned shirt. She has short blonde hair and is wearing large blue earrings. Her skin is smooth and her lips are slightly parted."
/home/celeba_hq/train/female/151749.jpg,"A woman with a nose piercing, brown eyes, and full lips. Her skin is brown and has some wrinkles around the eyes. Her eyebrows are arched and black. Her hair is black and pulled back."
/home/celeba_hq/train/female/001029.jpg,"A woman with red hair and bangs, wearing red lipstick, has a fur coat on her shoulders. She has a furrowed brow and a slight smile on her lips."
/home/celeba_hq/train/female/075070.jpg,"A woman with long brown hair, brown eyes, and a small nose. Her lips are pink and her skin is smooth."
/home/celeba_hq/train/female/162388.jpg,"A woman with dark hair, brown eyes, and a small nose. Her lips are pink and full, and she has a slight smile on her face. Her skin is smooth and fair, with a few freckles scattered across her face. Her hands are on her neck, and she is looking at the camera."
/home/celeba_hq/train/female/188185.jpg,"A woman with dark hair, brown eyes, and a slight smile. Her skin is smooth and brown, and she is wearing gold earrings."
/home/celeba_hq/val/female/060673.jpg,"A woman with long black hair, brown eyes, and fair skin. She is smiling slightly and has a slight wrinkle above her nose."
/home/celeba_hq/train/female/086196.jpg,"A woman with brown eyes, a nose, a mouth, and ears, smiling with white teeth, and brown hair."
/home/celeba_hq/train/female/010676.jpg,"A woman with a wide smile, brown eyes, and auburn hair. She is wearing a red hat with a bow."
/home/celeba_hq/train/female/155954.jpg,"A woman with brown eyes, a straight nose, and a slight smile. Her skin is smooth and has a light brown tone. She has long, wavy brown hair."
/home/celeba_hq/train/female/037933.jpg,"A woman with long hair, brown eyes, and a slightly upturned nose. Her lips are full and slightly parted, and she has a faint smile on her lips. Her ears are pierced with small gold earrings."
/home/celeba_hq/val/female/042150.jpg,"A woman with long black hair, brown eyes, and a pink lip."
/home/celeba_hq/train/female/144431.jpg,A woman with braids and a blue shirt looks to the side with a serious expression.
/home/celeba_hq/train/female/113749.jpg,"A woman with long, dark hair, brown eyes, and a small nose. Her lips are pink and her skin is smooth."
/home/celeba_hq/train/female/180377.jpg,"A woman with brown eyes, brown hair, and white teeth smiles as she holds a slice of pizza."
/home/celeba_hq/train/female/159056.jpg,"A woman with dark hair, brown eyes, and dark skin. Her eyebrows are arched and her eyelashes are long. Her nose is straight and her lips are full. She is wearing a blue dress and diamond earrings."
/home/celeba_hq/train/female/006192.jpg,"A woman with dark hair, brown eyes, and fair skin. She is wearing a blue dress and large earrings."
/home/celeba_hq/train/female/196215.jpg,A woman with curly brown hair and red lipstick looks off to the side.
/home/celeba_hq/train/female/123160.jpg,"A woman with dark hair, hoop earrings, and a nose ring. Her eyes are open and she is smiling. Her lips are bright red and her teeth are white."
/home/celeba_hq/train/female/006786.jpg,"An older woman with short blonde hair, blue eyes, and a bright smile. Her skin is smooth and tanned, with a few wrinkles around her eyes and mouth. Her hair is cut short and styled in a natural blonde color."
/home/celeba_hq/train/female/006426.jpg,"A woman with a round face, small nose, full lips, and high cheekbones. She has dark brown eyes and fair skin with a light pink tint. Her hair is pulled back and she is wearing long earrings."
/home/celeba_hq/train/female/186790.jpg,"A close-up of a woman's face with brown hair, brown eyes, and a yellow top. She is smiling and has a nose ring."
/home/celeba_hq/train/female/116131.jpg,"A woman with short, dark hair, blue eyes, and a slight smile. Her skin is brown and has some wrinkles. Her eyebrows are arched and her eyelashes are long. Her nose is straight and her lips are full."
/home/celeba_hq/train/female/045638.jpg,"A woman with a smooth face, dark skin, and large eyes."
/home/celeba_hq/train/female/148968.jpg,"A woman with short, dark hair and smoky eyes looks directly at the camera. Her lips are slightly parted, and she wears a gold necklace."
/home/celeba_hq/train/female/129899.jpg,"A woman with dark skin and curly hair, wearing red lipstick and diamond earrings. Her eyes are brown and she has a small nose and full lips. Her skin is smooth and her hair is shiny."
/home/celeba_hq/train/female/092791.jpg,"Close-up of a smiling woman with long brown hair, brown eyes, a small nose, full lips, and earrings. Her skin is smooth and pink."
/home/celeba_hq/train/female/125470.jpg,"A woman with blonde hair, blue hoop earrings, and wrinkles around her eyes."
/home/celeba_hq/train/female/026045.jpg,"A woman with a square jawline and bold brows, deep-set eyes, and a small nose. Her lips are full and red, and she has a slight smile. Her skin is smooth and brown, and she has a slight wrinkle at the corner of her left eye. Her hair is pulled back and she is wearing a white top."
/home/celeba_hq/train/female/075893.jpg,"A woman with dark hair, brown eyes, and a brown skin tone. Her hair is pulled back and she has a slight smile on her lips. Her eyebrows are arched and her eyelashes are long. Her nose is straight and her lips are full. She is wearing gold earrings and a gold ring on her middle finger."
/home/celeba_hq/train/female/197356.jpg,"A woman with dark hair and brown eyes, wearing gold jewelry and makeup. Her face is adorned with coins and rhinestones, and she wears a gold headdress. Her lips are a dark pink, and her teeth are white. Her eyebrows are arched and dark."
/home/celeba_hq/train/female/151818.jpg,"A woman with dark skin and curly hair, smiling with her eyes and eyebrows arched, her nose slightly upturned at the tip, her mouth closed with pink lips and white teeth, and her ears with earrings."
/home/celeba_hq/val/female/046557.jpg,"A woman with a oval face, full lips, big eyes, high cheekbones, and a wide smile. She has dark brown skin and her hair is in a ponytail."
/home/celeba_hq/train/female/059455.jpg,"A woman with a round face, large brown eyes, a small nose, full lips, and large earrings. Her skin is smooth and brown, and she has dark hair tied back."
/home/celeba_hq/train/female/002909.jpg,"A woman with blonde hair, brown eyes, fair skin, and a smile with slightly pink lips and rosy cheeks. She has her hair up and is wearing long earrings."
/home/celeba_hq/train/female/191000.jpg,"A woman with dark hair, a broad smile, and large earrings."
/home/celeba_hq/train/female/126894.jpg,"A woman with dark brown hair, brown eyes, and a small nose ring. Her lips are pink and slightly upturned at the corners, and her teeth are white. She is smiling slightly and looking to the side."
/home/celeba_hq/train/female/147708.jpg,"Close-up of a woman's face with dark brown eyes, full lips, and high cheekbones. Her skin is smooth and tan, and her hair is pulled back into a bun."
/home/celeba_hq/train/female/094150.jpg,"A woman with long, wavy brown hair, brown eyes, and full lips. Her skin is smooth and tan, with a slight hint of pink. Her eyebrows are arched and slightly bushy. Her ears have small, round gold earrings. Her lips are full and slightly parted, revealing a slight smile. Her eyes are open, with a hint of smokiness in her brown eyeshadow."
/home/celeba_hq/train/female/103858.jpg,"A woman with long, wavy brown hair, brown eyes, and a neutral expression. Her skin is smooth and brown, and she has full lips and a small nose. Her ears are large and stick out."
/home/celeba_hq/train/female/193272.jpg,"A woman with curly brown hair, blue eyes, and a red shirt."
/home/celeba_hq/train/female/199105.jpg,"A close-up of a smiling woman with red hair, wearing red lipstick and gold earrings. Her eyes are closed, and she has a fur collar around her neck."
/home/celeba_hq/train/female/061034.jpg,"A woman with a blonde, layered bob, blue eyes, and full black eyelashes. Her mouth is open, revealing pink lips and a slight smile."
/home/celeba_hq/train/female/042994.jpg,"A woman with long hair, brown eyes, and a brown mole above her lip. Her skin is smooth and brown, and she is wearing gold jewelry."
/home/celeba_hq/train/female/008938.jpg,"A woman with long, dark hair smiling at the camera. She has brown eyes, a small nose, and full lips. Her skin is smooth and her hair is shiny."
/home/celeba_hq/train/female/108144.jpg,"A woman with dark hair, brown eyes, and medium skin. Her lips are pink and her eyebrows are arched. She is wearing earrings and has a slight smile on her face."
/home/celeba_hq/train/female/107947.jpg,"A woman with black hair and brown eyes, with her hand under her chin."
/home/celeba_hq/train/female/045074.jpg,"A smiling woman with brown skin, large expressive eyes, thick eyebrows, full lips, and curly hair."
/home/celeba_hq/train/female/195772.jpg,"A woman with dark hair, brown eyes, and a slight smile. Her skin is smooth and brown, and she is wearing earrings."
/home/celeba_hq/train/female/035666.jpg,"Close-up of a woman with dark hair, wearing a red and black headpiece, heavy makeup, and a red and black necklace. Her eyes are a dark brown, her eyebrows are arched, her nose is straight, her lips are full, and her skin is smooth."
/home/celeba_hq/train/female/097617.jpg,"A woman with brown eyes, brown hair, and a diamond earring in her left ear. Her nose is straight and her lips are pink. Her skin is smooth and her eyebrows are arched."
/home/celeba_hq/train/female/166263.jpg,"A woman with dark hair tied back, wearing a gold nose stud and a gold and red head decoration. Her eyes are brown, her eyebrows are arched, her lips are full and her teeth are white. She is smiling."
/home/celeba_hq/train/female/005651.jpg,"A woman with long, wavy brown hair, hoop earrings, and a tan complexion. She has a double nose piercing, large expressive eyes, and a full lips. Her eyebrows are arched and slightly slanted."
/home/celeba_hq/train/female/036920.jpg,"A woman with long black hair, brown eyes, and a bright smile. Her nose is straight and her lips are full, with a pink lipstick. Her skin is smooth and fair, with a few freckles. Her eyebrows are arched and her ears are pierced with long turquoise earrings."
/home/celeba_hq/train/female/148096.jpg,"Close-up of a smiling woman with curly brown hair, brown eyes, and a small nose."
/home/celeba_hq/train/female/032187.jpg,"A woman with wavy brown hair, brown eyes, and a small nose. Her lips are pink and her eyebrows are arched."
/home/celeba_hq/train/female/115354.jpg,"A woman with long, straight hair, wearing a black headband. She has a slight smile, full lips, and dark eyes. Her skin is smooth and brown."
/home/celeba_hq/train/female/120123.jpg,"A woman with dark hair, blue eyes, and orange lipstick looks off to the side. Her eyebrows are arched and her eyes are open. Her nose is straight and her lips are slightly parted. Her skin is smooth and her hair is wet."
/home/celeba_hq/train/female/095947.jpg,"A woman with blonde hair, brown eyes, and a black necklace. Her face is tilted to the side, showing her ear and a small amount of her neck."
/home/celeba_hq/train/female/007077.jpg,"A woman with brown eyes, brown hair, and brown skin. Her lips are pink and her teeth are white. Her eyebrows are arched and her cheeks are rosy."
/home/celeba_hq/train/female/080661.jpg,"A woman with long black hair, blue eyes, and a tan. She has a high nose bridge and a slightly upturned nose. Her lips are full and her eyebrows are arched."
/home/celeba_hq/train/male/195061.jpg,"A man with a dark gray shirt, short black hair, and diamond earrings smiles at the camera."
/home/celeba_hq/train/male/094513.jpg,"A man with a wide smile, brown eyes, and a black hat."
/home/celeba_hq/train/male/093538.jpg,"A man with short black hair, a small mustache, and goatee, smiling with his eyes looking to the right of the camera."
/home/celeba_hq/val/male/034046.jpg,"A man with short black hair, dark brown eyes, and a wide smile. He has a prominent nose and small ears with piercings. His skin is brown and he is wearing a black shirt."
/home/celeba_hq/train/male/136895.jpg,"A man with a broad smile, wearing a black hat and glasses, with a hooked nose and prominent lips."
/home/celeba_hq/train/male/025982.jpg,"A man with a square jawline, dark curly hair, and a big smile with white teeth."
/home/celeba_hq/train/male/199179.jpg,"A man with a square jawline, thick eyebrows, and a small nose. He has a slight smile and dark brown eyes. He is wearing glasses and a black hat."
/home/celeba_hq/train/male/167645.jpg,"A man with a bald head, wearing sunglasses and a grey shirt. He has a goatee and is smiling slightly."
/home/celeba_hq/train/male/073496.jpg,"A man with a square jawline, thick eyebrows, and a small mustache. He has piercing eyes and is wearing a black suit and tie."
/home/celeba_hq/train/male/102292.jpg,"A man with a buzz cut, dark skin, and a slight smile. He has a well-groomed goatee and a nose ring."
/home/celeba_hq/train/male/062749.jpg,"A bald black man with a sharp nose and deep-set eyes, wearing a suit and tie."
/home/celeba_hq/train/male/188526.jpg,"A young man with a bright smile, brown eyes, and short cornrows."
/home/celeba_hq/val/male/090350.jpg,"A bald man with a receding hairline, a slight smile, and a slight frown, with a double chin and a slight frown."
/home/celeba_hq/train/male/090331.jpg,"A man with a black hat, glasses, and a blue shirt. He has a slight smile on his lips and his eyes are open."
/home/celeba_hq/train/male/027328.jpg,"The man in the image has a square jawline, dark curly hair, and dark eyes. He is wearing a black suit and tie."
/home/celeba_hq/train/male/133057.jpg,A man with gray hair and a goatee smiles at the camera.
/home/celeba_hq/train/male/098154.jpg,"A man with a dark complection and dark sunglasses on, holding a microphone."
/home/celeba_hq/train/male/020581.jpg,"A man with a goatee, wearing sunglasses and headphones, with a neutral expression and short hair."
/home/celeba_hq/train/male/064672.jpg,"A man with a bald head, dark skin, and a sharp jawline. He has deep-set eyes, a small nose, and a mouth that corners slightly at the corners. He is wearing a white shirt and a black blazer with grey pin stripes."
/home/celeba_hq/val/male/014895.jpg,"A black woman with short hair and hoop earrings, smiling slightly."
/home/celeba_hq/train/male/044766.jpg,"A bald man with a slightly furrowed brow, deep-set brown eyes, and a small nose with slightly flared nostrils. He has a slightly downturned mouth with full lips and a small chin."
/home/celeba_hq/train/male/039724.jpg,"A man with a receding hairline, gold chain, and a serious expression."
/home/celeba_hq/train/male/196249.jpg,"A man with a black hat and black fur around his ears. He has a slight frown and his eyes are open, looking upwards."
/home/celeba_hq/train/male/048721.jpg,"A man with short black hair, brown eyes, and a dimple in his chin looks off to the side."
/home/celeba_hq/train/male/035412.jpg,"The man in the image has a square-shaped face with a prominent nose and small lips. He has a toothy smile and dark, coily hair."
/home/celeba_hq/train/male/096905.jpg,"A man with a white cowboy hat, brown eyes, and a slight smile."
/home/celeba_hq/val/male/127123.jpg,A bald man with a beard and mustache smiles at the camera.
/home/celeba_hq/train/male/169782.jpg,A bald man with glasses and a big smile.
/home/celeba_hq/train/male/041949.jpg,"A bald man with a beard, he has a serious expression and his eyes are open, with thick eyebrows and full lashes. His nose is straight and his lips are thin."
/home/celeba_hq/train/male/197397.jpg,"A bald man with a mustache and goatee, Steve Harvey has a receding hairline and deep laugh lines around his eyes."
/home/celeba_hq/train/male/174632.jpg,A bald man with a beard and sunglasses looks to the side with a slight smile on his lips.
/home/celeba_hq/train/male/192633.jpg,"A man with a round face, black rimmed glasses, and a black fedora smiles at the camera."
/home/celeba_hq/train/male/066320.jpg,"A man with a square jawline, wide-set eyes, and a small smile."
/home/celeba_hq/train/male/058030.jpg,"A man with a receding hairline, brown eyes, and a small nose."
/home/celeba_hq/train/male/139984.jpg,"A man with a square jawline, thick eyebrows, and a small nose with a slight upturn at the tip. He has deep-set eyes, a thin mouth with slightly parted lips, and a slight frown. The man has short, black hair and is wearing a black suit and tie."
/home/celeba_hq/train/male/106878.jpg,"A bald man with a receding hairline, deep laugh lines, and a slight frown, wearing a grey scarf around his neck."
/home/celeba_hq/train/male/006603.jpg,"A bald man with a slight smile, deep-set eyes, and a mustache."
/home/celeba_hq/train/male/196927.jpg,"A young man with long dreadlocks, a slight smile, and a neutral expression. His eyes are brown, his nose is straight, and his lips are pink. His skin is brown and smooth."
/home/celeba_hq/train/male/025525.jpg,"A man with a small smile, brown eyes, and a small scar above his lip."
/home/celeba_hq/train/male/072274.jpg,"A close-up of a man with white hair, blue eyes, and a warm smile."
/home/celeba_hq/train/male/170245.jpg,"A man with short hair, brown eyes, and a small scar above his left eyebrow. He has a slightly furrowed brow and his mouth is slightly open as if he's about to speak."
/home/celeba_hq/train/male/184839.jpg,A man with a close-cropped haircut and a serious expression looks to the side.
/home/celeba_hq/train/male/013689.jpg,"A man with a square jawline, deep-set eyes, and a prominent nose. He is wearing glasses and has salt and pepper hair."
/home/celeba_hq/train/male/135832.jpg,A woman with a large afro and piercing eyes looks directly at the camera.
/home/celeba_hq/train/male/196010.jpg,"A man with a bald head, a beard, and a big smile. His eyes are brown, his nose is wide and his lips are thin. He has a few wrinkles around his mouth and his teeth are yellow."
/home/celeba_hq/train/male/123699.jpg,"A smiling man with a receding hairline, wearing glasses and a pink shirt. He has a mustache and a goatee, and his eyes are brown."
/home/celeba_hq/val/male/128648.jpg,A bald man with a goatee smokes a cigarette.
/home/celeba_hq/train/male/139355.jpg,"A man with a shaved head and a goatee, with tattoos on his forehead and the back of his head. He has a slight frown and his eyes are focused on something off camera."
/home/celeba_hq/train/male/061231.jpg,"A man with a square jawline and a small nose with a slight tilt. His eyes are dark and almond-shaped, with a slight squint. He has a small mouth with slightly parted lips and a slight frown. He has a dimple on his left cheek. His ears are pierced with gold earrings. His skin is brown and smooth. He has short black hair and a beard."
/home/celeba_hq/train/male/079211.jpg,"A smiling man with a prominent nose, receding hairline, and a few wrinkles around his eyes."
/home/celeba_hq/train/male/071645.jpg,"A man with a square jawline, high forehead, and large eyes smiles at the camera."
/home/celeba_hq/train/male/146772.jpg,"A smiling man with short hair, brown eyes, and a short afro. He has a broad smile, showing his teeth, and is wearing a blue and white shirt."
/home/celeba_hq/train/male/155490.jpg,"A man with a square jawline, thick eyebrows, and full lips. He has a slight frown with downturned corners of his mouth, and his nose is slightly tilted up. There is a hint of stubble on his jawline and neck."
/home/celeba_hq/train/male/196129.jpg,"A man with a white hat, dark dreadlocks, and a big smile."
/home/celeba_hq/train/male/172626.jpg,"A man with a square jawline, high cheekbones, and a small mustache and goatee. He has a warm smile and a few days worth of stubble on his face."
/home/celeba_hq/train/male/013868.jpg,"A man with a black hat, dark brown eyes, and a goatee looks into the camera."
/home/celeba_hq/train/male/058598.jpg,"A man with a black shirt, sunglasses, and short black hair. He has a slight smile and his teeth are white."
/home/celeba_hq/train/male/050294.jpg,"A smiling man with short black hair, a receding hairline, dark brown eyes, a wide nose, and a small mouth. He has a double chin and a few wrinkles around his mouth. He is wearing a blue shirt and a black blazer."
/home/celeba_hq/train/male/003371.jpg,"An older man with a receding hairline, a mustache, and a goatee, smiling with his eyes closed."
/home/celeba_hq/train/male/076428.jpg,"A man with a short haircut, a small nose, and a mouth with slightly open lips."
/home/celeba_hq/train/male/157588.jpg,"A man with a square jawline, thick eyebrows, and a small nose. He has a slight smile and his teeth are white. He is wearing a brown hat and his hair is black."
/home/celeba_hq/train/male/133422.jpg,"A man with a beard, brown eyes, and a blue and yellow pair of sunglasses."
/home/celeba_hq/train/male/056396.jpg,"Magic Johnson has a bald head, with a round face and a small nose. His eyes are brown and set in deep wrinkles. His mouth is thin and white, with a slight smile. He has a double chin and his ears are large and protruding."
/home/celeba_hq/train/male/009582.jpg,"A man with a square jawline, dark eyes, and short black hair smiles at the camera."
/home/celeba_hq/train/male/039386.jpg,A bald man with glasses and a slight smile looks into the camera.
/home/celeba_hq/train/male/081347.jpg,"A man with a buzz cut, close-set eyes, a straight nose, and a small mouth with a slight smile. He has a few days worth of stubble on his face and a double chin."
/home/celeba_hq/train/male/157657.jpg,"A man with a round face, wide-set eyes, small nose, and small mouth with slight smile, showing white teeth. He has short black hair and a goatee."
/home/celeba_hq/train/male/112034.jpg,"A man with a square jawline and receding hairline, deep-set eyes, and a small nose. He has a slight smile and is wearing a suit and tie."
/home/celeba_hq/train/male/173197.jpg,"An older man with blonde hair, wire-rimmed glasses, and a slight smile on his lips."
/home/celeba_hq/train/male/023056.jpg,"A man with a shaved head and a mustache, his head resting on his folded hands."
/home/celeba_hq/train/male/130539.jpg,"A bald man with a beard and mustache, smiling with his eyes closed."
/home/celeba_hq/train/male/102250.jpg,"A man with a square jawline, dark skin, and a slight smile."
/home/celeba_hq/train/male/168681.jpg,"A man with a large smile, showing his teeth, and a prominent mustache. He has a high forehead, thick eyebrows, and large expressive eyes. His skin is brown and his hair is black."
/home/celeba_hq/train/male/142039.jpg,"A man with a square jawline, close-cropped hair, and a wide smile with white teeth."
/home/celeba_hq/train/male/013990.jpg,"A man with dark skin and short hair, wearing aviator sunglasses and a suit and tie. He has a slight smile on his lips and his eyes are closed."
/home/celeba_hq/train/male/118123.jpg,"A man with a receding hairline, a small nose, and a mouth with thin lips."
/home/celeba_hq/train/male/179136.jpg,"A man with a buzz cut, brown eyes, and a goatee."
/home/celeba_hq/train/male/024765.jpg,"A man with a square jawline, thick eyebrows, and a prominent nose. He is wearing glasses and a hat."
/home/celeba_hq/train/male/195965.jpg,"A man with a buzz cut, wearing sunglasses and a suit, with a slight smile on his lips."
/home/celeba_hq/train/male/022027.jpg,"A black man with a thick black beard, brown eyes, and a mohawk haircut."
/home/celeba_hq/train/male/026660.jpg,"A man with a blue hat, glasses, and a goatee looks to the side."
/home/celeba_hq/train/male/009044.jpg,"A man with a short haircut, smiling with a yellow shirt."
/home/celeba_hq/train/male/132811.jpg,"A man with a round face, blue eyes, and a smile with white teeth. He has a full head of curly brown hair and a beard."
/home/celeba_hq/train/male/123576.jpg,A bald man with a goatee and wearing sunglasses.
/home/celeba_hq/train/male/095259.jpg,A man with long hair and sunglasses looks off to the side.
/home/celeba_hq/train/male/046171.jpg,"An older man with a mustache and glasses, smiling with his mouth closed."
/home/celeba_hq/train/male/037119.jpg,"A man with dark hair, brown eyes, and a neutral expression. He has a slight frown and a few wrinkles around his mouth. His skin is smooth and tanned."
/home/celeba_hq/train/male/016925.jpg,"A man with dark sunglasses, stubble on his face, and short hair."
/home/celeba_hq/train/male/034327.jpg,"A man with a goatee, piercing eyes, and receding hairline."
/home/celeba_hq/train/male/068834.jpg,"A man with a beard, glasses, and a slight smile. He has dark hair and eyebrows, and his eyes are brown. His skin is smooth and his beard is brown."
/home/celeba_hq/train/male/132299.jpg,A man with dark hair and a black shirt with a white background.
/home/celeba_hq/train/male/096135.jpg,A bald man with a nose piercing holds a microphone to his mouth with his right hand.
/home/celeba_hq/val/male/001022.jpg,A man with a square jawline and stubble on his face looks off to the side.
/home/celeba_hq/train/male/157981.jpg,"A man with a square jawline, deep-set eyes, and a small nose with a slight upward turn at the tip. He has a few wrinkles around his eyes and mouth, and his hair is slicked back."
/home/celeba_hq/train/male/047078.jpg,"A man with grey hair, blue eyes, and a five o'clock shadow."
/home/celeba_hq/train/male/042319.jpg,A man with wet hair and a green shirt looks at the camera with a sad expression.
/home/celeba_hq/train/male/165858.jpg,"A man with dark hair, a slight smile, and a white smile."
/home/celeba_hq/train/male/052561.jpg,A man with grey hair and a black jacket looks to the side.
/home/celeba_hq/train/male/092307.jpg,"An elderly woman with white hair and glasses, her head tilted to the side, her chin resting on her hand."
/home/celeba_hq/train/male/004197.jpg,"A man with short black hair, a goatee, and a serious expression."
/home/celeba_hq/train/male/144126.jpg,"A man with dark hair, blue eyes, and a neutral expression."
/home/celeba_hq/train/male/023493.jpg,"An older man with a receding hairline, a mustache, and a slight smile. His eyes are brown and his skin is gray and wrinkled."
/home/celeba_hq/train/male/123315.jpg,"A man with dark hair, brown eyes, and a five o'clock shadow takes a selfie in bed."
/home/celeba_hq/train/male/029610.jpg,"A young man with a dark buzz cut, piercing eyes, and a slight smile."
/home/celeba_hq/train/male/118485.jpg,"A man with brown eyes, a nose, and lips, and curly brown hair."
/home/celeba_hq/train/male/176928.jpg,"A man with dark hair, brown eyes, and a slight smile. He has a receding hairline and some wrinkles around his eyes."
/home/celeba_hq/train/male/005382.jpg,"An older man with white hair, smiling with his eyes closed."
/home/celeba_hq/train/male/151860.jpg,The face is that of an older man with a smile on his lips. He has a pair of gray eyes that are set in a wrinkled face with deep laugh lines. The man has a double chin and a tuft of gray hair at the corners of his mouth.
/home/celeba_hq/train/male/082642.jpg,"A man with gray hair and a mustache, wearing a suit and looking off to the side."
/home/celeba_hq/train/male/081814.jpg,"A man with short black hair, dark sunglasses, and a small smile. He has a round nose and full lips, with a slight dimple on the corners of his mouth. His ears are large and stick out, and his eyebrows are arched. The skin on his face is smooth and brown."
/home/celeba_hq/train/male/051890.jpg,"The man in the image has a mustache, a pair of sunglasses, and a piercing in his left ear. He has a receding hairline and his eyebrows are arched. His eyes are brown, his nose is long and thin, and his lips are thin. The skin on his face is dry and his mouth is slightly open."
/home/celeba_hq/train/male/070895.jpg,"A man with dark hair, brown eyes, and a slight smile. He has a high forehead, a small nose, and a wide smile with slightly yellowed teeth. His ears are small and stick out, and his eyebrows are thin and arched. The skin on his face is smooth and has a few small wrinkles."
/home/celeba_hq/train/male/193817.jpg,"A man with a mustache, wearing a hat."
/home/celeba_hq/train/male/060041.jpg,"A man with a mustache, blue eyes, and a smiling expression."
/home/celeba_hq/train/male/124979.jpg,"A young man with dark hair, brown eyes, and a big smile."
/home/celeba_hq/train/male/121797.jpg,"A man with dark hair, blue eyes, and a goatee smiles at the camera."
/home/celeba_hq/train/male/063515.jpg,"A man with short black hair, blue eyes, and a stubble beard. He has a slight frown with slightly downturned corners of his mouth, a slightly hooked nose, and small, slightly upturned corners of his eyes. His ears are slightly puffy and stand straight out."
/home/celeba_hq/train/male/123723.jpg,"An older gentleman with white hair and a beard, deep wrinkles around his eyes, a receding hairline, and a mustache."
/home/celeba_hq/train/male/131782.jpg,"A smiling man with short brown hair, green eyes, and a gap-toothed smile."
/home/celeba_hq/train/male/017635.jpg,"A man with a short beard, brown eyes, and a slight frown."
/home/celeba_hq/train/male/194512.jpg,"A middle-aged man with long hair, Steve Buscemi has a gaunt face with hollow cheeks, deep-set eyes, and a small nose. He has a goatee and his hair is blonde."
/home/celeba_hq/train/male/060318.jpg,"A man with dark hair and blue eyes, standing in a jungle setting."
/home/celeba_hq/train/male/036368.jpg,"A man with dark hair, brown eyes, and a slight smile. He has a button nose and full lips, and his ears are large and pointy. His skin is smooth and brown, and he is wearing a black suit and a striped tie."
/home/celeba_hq/train/male/098321.jpg,"A man with brown eyes and short brown hair. He has a slight mustache and beard, and his skin is a bit weathered. He is holding a cell phone to his ear."
/home/celeba_hq/train/male/071650.jpg,"A man with dark hair, brown eyes, and a neutral expression. He has a slight frown and his eyebrows are arched."
/home/celeba_hq/train/male/011420.jpg,"A man with brown eyes, brown hair, and brown skin smiles while holding his hand to his face."
/home/celeba_hq/train/male/016934.jpg,"A woman with blonde hair and deer makeup on her face, looking to the side."
/home/celeba_hq/train/male/046076.jpg,A man with a cigarette hanging out of his mouth.
/home/celeba_hq/train/male/065914.jpg,"A man with dark hair, blue eyes, and a slight smile."
/home/celeba_hq/train/male/130554.jpg,"A bald man with a goatee and a slight smile. His eyes are brown, his nose is wide and his lips are pink. He has a few wrinkles around his eyes and mouth. The man is wearing a white shirt and a grey jacket."
/home/celeba_hq/train/male/036289.jpg,"A man with dark hair, green eyes, and a goatee."
/home/celeba_hq/train/male/178362.jpg,"A man with dark hair, a beard, and a mustache smiles at the camera."
/home/celeba_hq/train/male/052195.jpg,The man in the image has a dark complected face with a mustache and a goatee. He is wearing sunglasses and has his finger on his lips.
/home/celeba_hq/train/male/186442.jpg,"A young man with dark hair, brown eyes, and a slight smile. He has a dimple on his left cheek. His skin is smooth and brown."
/home/celeba_hq/train/male/164113.jpg,"A man with a square jawline, blue eyes, and a stubble beard."
/home/celeba_hq/val/male/045493.jpg,"An older man with white hair, deep wrinkles around his eyes, a small nose, a mouth with slightly parted lips, and a small amount of stubble on his chin."
/home/celeba_hq/train/male/186946.jpg,"A man with dark hair, a mustache, and a goatee, wearing a yellow scarf around his neck."
/home/celeba_hq/train/male/099589.jpg,"An elderly man with a receding hairline, wearing sunglasses and a red shirt."
/home/celeba_hq/train/male/040217.jpg,"A man with blue eyes, gray hair, and a receding hairline. He has a small nose and a slight smile."
/home/celeba_hq/train/male/009094.jpg,"A man with dark hair, a slight smile, and a necklace."
/home/celeba_hq/train/male/028873.jpg,"A man with a short beard and moustache, wearing aviator sunglasses. He has a receding hairline and is wearing a leather jacket."
/home/celeba_hq/train/male/071166.jpg,"A man with brown hair, brown eyes, and a slight smile."
/home/celeba_hq/train/male/172598.jpg,"A man with dark hair, brown eyes, and a brown beard. He has a slight smile on his lips and his left index finger is touching his cheek."
/home/celeba_hq/train/male/104844.jpg,"A man with a receding hairline, closely cropped black hair, brown eyes, a small nose, and a slight smile with white teeth."
/home/celeba_hq/train/male/018573.jpg,"A man with dark brown hair, blue eyes, and a smile on his face. He has a square jawline and a prominent nose. His eyes are almond-shaped and his eyebrows are arched. He has a small mole above his upper lip and a dimple on his left cheek. His skin is smooth and tanned. He is wearing a black shirt."
/home/celeba_hq/train/male/173889.jpg,"A man with dark hair, brown eyes, and a pink striped shirt."
/home/celeba_hq/train/male/099023.jpg,"A man with dark hair, a beard, and a slight smile. He has deep-set eyes, a small nose, and a small mouth. His ears are large and protruding."
/home/celeba_hq/train/male/029767.jpg,"A man with brown eyes, a small nose, and a slight smile wearing aviator sunglasses."
/home/celeba_hq/train/male/161299.jpg,"The man in the image has a receding hairline, bushy eyebrows, and a mustache. He is wearing sunglasses and has a goatee."
/home/celeba_hq/train/male/166405.jpg,"A man with a square jawline, deep-set eyes, and a creased forehead smiles with his lips tightly closed."
/home/celeba_hq/train/male/158463.jpg,"A man with blue eyes, a square jawline, and a slight smile."
/home/celeba_hq/train/male/187817.jpg,"A man with blue eyes and a slight smile, showing his teeth. He has a receding hairline and a few wrinkles around his eyes."
/home/celeba_hq/val/male/043904.jpg,"A middle-aged man with receding hairline and a receding hairline, wearing a black suit and a white shirt. His eyes are brown, his eyebrows are thin, his nose is long and thin, his mouth is closed, his cheeks are hollow, and his chin is double."
/home/celeba_hq/train/male/137124.jpg,"The man in the image has a receding hairline, a mustache, and a pair of brown eyes. His eyebrows are bushy, and his nose is slightly hooked. The corners of his eyes droop slightly, and there are several wrinkles around them. His mouth is thin, and his lips are slightly pulled back, revealing slightly yellow teeth."
/home/celeba_hq/train/male/021764.jpg,"An older man with white hair, glasses, and a slight smile. His eyes are brown, his nose is long and thin, his mouth is closed, and his ears are small. His skin is wrinkled and has some fine lines."
/home/celeba_hq/train/male/148320.jpg,"A man with a goatee, sunglasses, and a Kangol hat."
/home/celeba_hq/train/male/068035.jpg,"An older man with a bald head and glasses, smiling with his blue eyes and wrinkles."
/home/celeba_hq/train/male/055442.jpg,"A close up of a smiling man with dark hair, a nose piercing, and a mustache."
/home/celeba_hq/train/male/020572.jpg,"A man with curly brown hair, wire-rimmed glasses, and a slight smile."
/home/celeba_hq/train/male/174173.jpg,"A man with dark hair, blue eyes, and a square jawline looks directly into the camera."
/home/celeba_hq/train/male/002925.jpg,A man with long hair and a hat with blood on it.
/home/celeba_hq/train/male/147607.jpg,"A bald man with a slight smile, deep-set eyes, and a high forehead."
/home/celeba_hq/val/male/154308.jpg,"A man with dark hair, brown eyes, and a big smile."
/home/celeba_hq/train/male/196172.jpg,"An older man with glasses, a crooked smile, and a few wrinkles around his eyes."
/home/celeba_hq/train/male/073108.jpg,"A man with long grey hair, wire-rimmed glasses, a beard, and a furrowed brow."
/home/celeba_hq/train/male/175581.jpg,"A man with a short spiky hair cut, brown eyes, and a five o'clock shadow."
/home/celeba_hq/train/male/175786.jpg,"A man with a square jawline, green eyes, and stubble on his face."
/home/celeba_hq/train/male/066703.jpg,An older man with gray hair and glasses looks into the distance with his hand under his chin.
/home/celeba_hq/train/male/175609.jpg,"A man with brown eyes, brown hair, and a white shirt smiling at the camera."
/home/celeba_hq/train/male/081297.jpg,"A man with a square jawline, green eyes, and stubble on his face."
/home/celeba_hq/train/male/200954.jpg,"A bald man with glasses and a slight smile, his eyes are open and his eyebrows are arched."
/home/celeba_hq/train/male/148464.jpg,"A middle-aged man with blonde hair, blue eyes, and a receding hairline. He has a double chin, a nose with a slight hook, and deep-set eyes. His mouth is thin and closed, with slightly yellowed lips. He is wearing a black suit and a gray shirt."
/home/celeba_hq/train/male/019818.jpg,"A man with blonde hair, blue eyes, and a scruffy beard. He has a slightly crooked nose and a small smile with slightly yellowed teeth. His eyes are open and his eyebrows are arched."
/home/celeba_hq/train/male/109832.jpg,"A man with blonde hair, blue eyes, and a receding hairline. He has a square jawline, slightly sunken eyes, and a slight smile. The man's skin is pale and has a few wrinkles."
/home/celeba_hq/train/male/179193.jpg,"A man with short brown hair, blue eyes, and a slight smile. He has a plaid shirt on and his hair is spiky."
/home/celeba_hq/val/male/082317.jpg,"A man with blue eyes, a beard, and brown hair."
/home/celeba_hq/train/male/081096.jpg,"A young man with a square jawline, thick eyebrows, and green eyes. He has a slight smile and a dimple in his right cheek."
/home/celeba_hq/train/male/025875.jpg,"A young man with dark brown hair, brown eyes, and a fair complexion. He has a slight smile and his hair is styled in a side part."
/home/celeba_hq/train/male/031171.jpg,A man with wet brown hair holding a gold medal to his mouth.
/home/celeba_hq/train/male/015691.jpg,"A man with blue eyes, a receding hairline, and a goatee."
/home/celeba_hq/val/male/025328.jpg,"An older man with a receding hairline, blue eyes, and a small smile."
/home/celeba_hq/train/male/070427.jpg,"A man with dark hair, brown eyes, and a stubble beard."
/home/celeba_hq/val/male/043821.jpg,"A man with brown hair and a beard, singing into a microphone."
/home/celeba_hq/train/male/048653.jpg,"A man with dark hair, blue eyes, and a clean shaven face smiles at the camera."
/home/celeba_hq/train/male/198093.jpg,"A young man with brown hair, brown eyes, and a slight smile. He has a prominent nose and a small mouth. His ears are pointed and he has a dimple on his left cheek."
/home/celeba_hq/train/male/050004.jpg,"A man with a square jawline, full lips, and a slight smile wearing a black hat."
/home/celeba_hq/train/male/196248.jpg,A bald man with glasses looks into the distance.
/home/celeba_hq/val/male/047562.jpg,"A young man with a nose ring, spiky brown hair, and a plaid shirt."
/home/celeba_hq/train/male/114765.jpg,A man with a spiky hairdo sings into a microphone.
/home/celeba_hq/train/male/095249.jpg,"A man with green eyes, a slight smile, and short brown hair."
/home/celeba_hq/train/male/182664.jpg,"A man with a square jawline, brown eyes, and a prominent nose. He has a slight frown and a neatly trimmed mustache and beard. His hair is a light brown and is parted to the side."
/home/celeba_hq/train/male/141449.jpg,"A man with a chiseled jawline, deep-set eyes, and a small smile."
/home/celeba_hq/train/male/137075.jpg,"A man with short black hair, a trimmed beard, and a neutral expression. He has brown eyes, a small nose, and a slight smile with his lips turned down at the corners. He is wearing a gray suit with a white shirt."
/home/celeba_hq/train/male/076546.jpg,"A man with a square jawline, full lips, and high cheekbones. He has thick eyebrows and expressive green eyes. His nose is straight and slightly upturned at the tip. His lips are full and pink. He has a slight frown and his hair is styled upwards."
/home/celeba_hq/train/male/064871.jpg,"A young man with brown eyes, a straight nose, and a friendly smile."
/home/celeba_hq/train/male/070029.jpg,"A smiling man with gray hair, brown eyes, and a receding hairline. He has a double chin and a wide smile with slightly yellowed teeth."
/home/celeba_hq/train/male/184448.jpg,"A man with blonde hair, blue eyes, and a slight smile. He has a square jawline and slightly receding hairline."
/home/celeba_hq/train/male/147341.jpg,A close up of a young man with brown hair and blue eyes. He has a slight smile on his face and his teeth are white.
/home/celeba_hq/train/male/011340.jpg,"A smiling, bald man with a white beard and a black shirt."
/home/celeba_hq/train/male/161289.jpg,"A man with tattoos on his neck and hands, with brown eyes and a nose ring. He has a slight smile and his brown hair is styled in a shaggy bob."
/home/celeba_hq/train/male/009658.jpg,"A young man with blonde hair, blue eyes, and a slight smile. He has a slight dimple on his left cheek and his hair is styled upwards."
/home/celeba_hq/train/male/062052.jpg,"A woman with blonde hair and bangs, blue eyes, and a soft smile. Her nails are painted a pale pink."
/home/celeba_hq/train/male/054282.jpg,"A bald man with a beard and a slight smile, his eyes are brown and his skin is grey."
/home/celeba_hq/train/male/141295.jpg,"A young man with a square jawline, blue eyes, and short brown hair. He has a slight frown and a few freckles on his face."
/home/celeba_hq/train/male/126651.jpg,"A man with dark hair, brown eyes, and a slight smile, with his index finger and thumb pinching his earlobe."
/home/celeba_hq/train/male/109191.jpg,"A man with black hair and blue eyes, wearing black clothing."
/home/celeba_hq/train/male/196654.jpg,"A young man with brown hair, brown eyes, and a big smile. He has a slight frown with slightly parted lips, a prominent nose, and a small mouth. The skin is smooth and fair, with a few freckles. The hair is brown and greasy, falling in front of his forehead."
/home/celeba_hq/train/male/024635.jpg,"A young man with dark brown eyes, a small nose, and a slight smile. He has a few freckles on his face and wears gold-rimmed glasses."
/home/celeba_hq/train/male/135570.jpg,"A man with blue eyes, a beard, and a smile."
/home/celeba_hq/train/male/167034.jpg,"A man with a cowboy hat, blue eyes, and a five o'clock shadow."
/home/celeba_hq/train/male/148533.jpg,"A man with blue eyes, a small nose, and a slight smile. He has short brown hair and a beard."
/home/celeba_hq/train/male/023360.jpg,"An older man with gray hair and a black hat, smiling with crooked teeth and a furrowed brow."
/home/celeba_hq/train/male/057093.jpg,A bald man with blue eyes and a receding hairline.
/home/celeba_hq/train/male/163862.jpg,"A man with dark brown hair, blue eyes, and a slight smile. He has a high forehead, straight nose, and full lips. His ears are small and he has a dimple on his left cheek."
/home/celeba_hq/train/male/146813.jpg,"A man with short brown hair, blue eyes, and a short beard. He is smiling and looking to the side."
/home/celeba_hq/train/male/199807.jpg,"A man with grey hair, blue eyes, and a slight smile. He has a square jawline and a prominent nose."
/home/celeba_hq/train/male/173622.jpg,"A man with long, wavy red hair and a matching beard, blue eyes, and a wide smile."
/home/celeba_hq/train/male/132571.jpg,"A middle-aged man with a receding hairline, gray eyes, and a slight smile."
/home/celeba_hq/train/male/105589.jpg,"A man with brown hair, blue eyes, and a five o'clock shadow. He has a slight frown and his eyebrows are arched."
/home/celeba_hq/train/male/030334.jpg,"A man with a receding hairline, smiling and wearing a green hat."
/home/celeba_hq/train/male/072745.jpg,An older man with thinning gray hair and wire-rimmed glasses looks into the camera with a slight smile.
/home/celeba_hq/train/male/121820.jpg,"A man with brown eyes, a nose, and lips, and brown hair."
/home/celeba_hq/train/male/094011.jpg,"A man with wavy brown hair, blue eyes, and a five o'clock shadow sits in a car with his hand on his chin."
/home/celeba_hq/train/male/155884.jpg,"A man with dark hair, a beard, and a slight smile. He has green eyes and a square jawline."
/home/celeba_hq/train/male/153965.jpg,"A man with dark hair and a beard, wearing a black and white suit. He has a few spots on his face and a slight smile on his lips."
/home/celeba_hq/train/male/108807.jpg,"A man with blonde hair, blue eyes, and a five o'clock shadow. He has a strong jawline and full lips. His nose is straight and his eyebrows are arched. He is looking to the right of the camera."
/home/celeba_hq/train/male/104333.jpg,"A man with blue eyes, blonde hair, and a black shirt."
/home/celeba_hq/train/male/181779.jpg,"A man with long, curly brown hair and a beard, his eyes are red and his nose is long and thin. He has a thin mouth with slightly parted lips and a small, thin mouth. His eyebrows are thin and arched. The background is red."
/home/celeba_hq/train/male/044751.jpg,"A man with blonde hair and blue eyes, his left hand is resting on his jaw, his hair is styled upwards."
/home/celeba_hq/train/male/142483.jpg,"A man with dark sunglasses, a receding hairline, and a slight frown."
/home/celeba_hq/train/male/020122.jpg,"A young man with curly brown hair, green eyes, and a bright smile. He has a slight frown and a dimple in his right cheek."
/home/celeba_hq/train/male/174392.jpg,"A young man with a square jawline, high cheekbones, and a wide smile with perfectly white teeth. He has piercing brown eyes and a spiky hairstyle."
/home/celeba_hq/train/male/079538.jpg,"A man with a white hat and a slight smile, his eyes are open and focused on the camera."
/home/celeba_hq/train/male/190691.jpg,"A man with a square jawline, blue eyes, and fair skin with a few freckles. He has a broad smile with white teeth and a slight gap between his front teeth. He is wearing a black hat and a suit jacket and tie."
/home/celeba_hq/train/male/134596.jpg,"A man with glasses, a red and orange baseball cap, and a slight smile on his lips. He has gray eyes and a few days worth of stubble on his face."
/home/celeba_hq/train/male/155048.jpg,"A man with short brown hair, brown eyes, and a white smile. He has a few freckles on his face and a dimple on his left cheek."
/home/celeba_hq/train/male/049563.jpg,"A man with brown eyes, a nose, and mouth, wearing a red baseball cap."
/home/celeba_hq/train/male/136713.jpg,"A bald man with blue eyes, a receding hairline, and a slight smile. He has a few wrinkles around his eyes and mouth, and his skin is slightly saggy."
/home/celeba_hq/train/male/116587.jpg,"A man with blue eyes, a receding hairline, and glasses with a slight smile on his lips."
/home/celeba_hq/train/male/086377.jpg,"An older man with a white beard and mustache, smiling at the camera."
/home/celeba_hq/train/male/057225.jpg,"A man with blonde hair, blue eyes, and a slight smile. He has a square jawline and a double chin. His eyebrows are arched and his nose is straight and narrow. His lips are thin and his teeth are white. He has small ears with hair on the lobes."
/home/celeba_hq/train/male/019539.jpg,A man with blonde hair and blue eyes looks directly at the camera. He has a slight smile on his lips and his hair is styled in a spiky manner.
/home/celeba_hq/train/male/144800.jpg,"A man with dark hair, brown eyes, and a slight frown."
/home/celeba_hq/train/male/171580.jpg,"A man with dark hair, brown eyes, and a square jawline."
/home/celeba_hq/train/male/187693.jpg,"A man with dark hair, brown eyes, and a slight smile. He has a receding hairline and a few wrinkles around his eyes."
/home/celeba_hq/train/male/197736.jpg,"A man with a smiling expression, blue eyes, and a hat."
/home/celeba_hq/train/male/065947.jpg,A man with a mustache and a black shirt.
/home/celeba_hq/train/male/104482.jpg,"An older man with gray hair, a receding hairline, and a slight smile. His eyes are brown, his eyebrows are arched, his nose is straight, his lips are thin, and his ears are large and protruding. His skin is wrinkled and has some fine lines. He is wearing a black shirt."
/home/celeba_hq/val/male/174398.jpg,A man with a mustache and a beret smiles at the camera.
/home/celeba_hq/train/male/015740.jpg,"A young boy with dark hair, brown eyes, and a slight smile. He is wearing a suit and tie."
/home/celeba_hq/train/male/170671.jpg,"A man with a short haircut, dark skin, and a slight smile. He has gold earrings, brown eyes, and a small beard."
/home/celeba_hq/val/male/166212.jpg,"A young man with brown, curly hair, brown eyes, and a button nose. He has a slight frown and his eyebrows are arched."
/home/celeba_hq/train/male/048351.jpg,"A young man with dark brown hair, brown eyes, and a slight frown on his lips. His eyebrows are arched and his nose is straight. His ears are small and he has a dimple on his left cheek."
/home/celeba_hq/train/male/174446.jpg,"A man with a goatee, dark curly hair, and a neutral expression."
/home/celeba_hq/train/male/037178.jpg,"An elderly man with a small smile, wrinkles, and a few gray hairs, his chin resting on his hand."
/home/celeba_hq/train/male/141970.jpg,A man with a black hat and a small tattoo above his left eyebrow. He has a serious expression and his eyes are open wide.
/home/celeba_hq/train/male/039328.jpg,"A man with brown hair, blue eyes, and a square jaw looks upwards with a neutral expression."
/home/celeba_hq/train/male/076672.jpg,"A man with dark hair, a square jawline, and a slight frown."
/home/celeba_hq/train/male/181438.jpg,"Bruno Mars, a brown-skinned man with a fedora, has a small nose, thick eyebrows, and a slight smile. His eyes are brown and his lips are parted. He has a dimple on his left cheek."
/home/celeba_hq/train/male/072778.jpg,"A man with long, wavy black hair, a big smile, and a gap-toothed grin."
/home/celeba_hq/train/male/019009.jpg,"A man with brown eyes, a nose, and lips, and a slight smile on his lips. He has a few wrinkles around his eyes and mouth, and a few freckles on his face. He has short brown hair and is wearing a suit and tie."
/home/celeba_hq/train/male/004760.jpg,"A young man with a square jawline, deep-set green eyes, and a small nose. He has a slight smile and his hair is styled in a shaggy, brunette style."
/home/celeba_hq/train/male/008067.jpg,"A man with dark curly hair, brown eyes, and a small smile."
/home/celeba_hq/train/male/091317.jpg,"A man with dark hair, a mustache, and beard, with brown eyes and a slight smile. He has a dimple on his right cheek and his hair is curly and black."
/home/celeba_hq/train/male/178118.jpg,"A man with dark hair, a slight smile, and a beard."
/home/celeba_hq/train/male/175262.jpg,"A man with brown eyes, a straight nose, and a slight smile. He has a few days worth of stubble on his face and a short, brown beard."
/home/celeba_hq/train/male/174309.jpg,"A bald man with blue eyes and a receding hairline, wearing a white jacket with a zipper."
/home/celeba_hq/val/male/145600.jpg,"A young man with dark hair, brown eyes, and a slight smile."
/home/celeba_hq/train/male/079057.jpg,"A man with long, brown hair, brown eyes, and a small nose. He has a slight smile on his lips and a slight frown on his forehead."
/home/celeba_hq/train/male/141185.jpg,"A young man with blonde hair, a small smile, and piercing eyes."
/home/celeba_hq/val/male/073717.jpg,A man with a brown beard and short hair yells with his mouth open and eyes wide.
/home/celeba_hq/train/male/171529.jpg,An older man with white hair and a square jaw smiles at the camera.
/home/celeba_hq/train/male/006818.jpg,"A man with dark hair, brown eyes, and a slight smile. He has a receding hairline and a dimple on his left cheek."
/home/celeba_hq/train/male/090639.jpg,"A man with a wide smile, dark eyes, and a fedora."
/home/celeba_hq/train/male/166465.jpg,"An elderly man with a receding hairline, deep laugh lines, and a warm smile."
/home/celeba_hq/train/male/190473.jpg,"A man with dark hair and a white shirt, smiling and pointing at the camera."
/home/celeba_hq/train/male/074701.jpg,"A man with black hair, brown eyes, and a small mouth."
/home/celeba_hq/train/male/132594.jpg,"A man with blue eyes, a small nose, and a mouth with a slight frown. He has a small scar above his left eyebrow and a few freckles on his face. His hair is slicked back and brown."
/home/celeba_hq/val/male/060956.jpg,"A man with dark hair, brown eyes, and a slight smile. He has a receding hairline and wrinkles around his eyes."
/home/celeba_hq/train/male/110956.jpg,"A young man with short brown hair, blue eyes, and a slight frown on his lips. He has a few freckles scattered across his nose and cheeks, and his ears are slightly puffy. His eyebrows are arched and slightly bushy."
/home/celeba_hq/train/male/079050.jpg,"A man with dark hair and blue eyes, he has a slight frown and his eyebrows are arched. His nose is straight and his lips are thin. He has stubble on his jawline and a small beard on his chin."
/home/celeba_hq/train/male/180936.jpg,"Bruno Mars has a round face with a prominent nose and full lips. He has thick eyebrows and dark, expressive eyes. His skin is smooth and has a warm, healthy glow. He is smiling in the image, showing off his white teeth."
/home/celeba_hq/train/male/093282.jpg,"A man with long hair and a straw hat. He has brown eyes, a straight nose, and a small mouth. His skin is smooth and brown. He has a slight frown and his hair is tousled."
/home/celeba_hq/train/male/185543.jpg,"A young man with a black beanie hat, brown eyes, and a slight smile. He has a dimple on his left cheek and a silver necklace."
/home/celeba_hq/train/male/036676.jpg,"A man with dark hair, a beard, and mustache with a neutral expression."
/home/celeba_hq/train/male/146155.jpg,"A woman with short black hair, brown eyes, and a small mole above her lip. Her skin is smooth and slightly wrinkled, and she has a slight smile on her lips."
/home/celeba_hq/train/male/170469.jpg,"A man with short hair, blue eyes, and a dimple in his chin. He has a slight frown and a few wrinkles around his eyes."
/home/celeba_hq/train/male/049125.jpg,"An older man with a receding hairline, balding on top, and a few strands of hair on the sides. He has deep-set brown eyes, a large nose, and a small mouth with thin lips. His skin is wrinkled and has some fine lines around the eyes and mouth. He is wearing a black shirt."
/home/celeba_hq/train/male/169870.jpg,A man with dark hair and a black suit jacket looks into the camera.
/home/celeba_hq/train/male/118587.jpg,"A man with a mustache and black hair, with a slight frown on his lips."
/home/celeba_hq/train/male/126391.jpg,"A man with brown hair, blue eyes, and a slight smile."
/home/celeba_hq/train/male/064197.jpg,"A young man with braids, piercings, and a black scarf around his neck. His eyes are brown, his nose is straight, and his lips are pink. He has a cleft in his upper lip and a small hole in his lower lip."
/home/celeba_hq/train/male/197185.jpg,"A young man with dark hair, brown eyes, and a slight frown."
/home/celeba_hq/train/male/074301.jpg,"A man with blonde hair, blue eyes, and a slight smile. He has a high forehead, a small nose, and thin lips. His ears are large and stick out."
/home/celeba_hq/train/male/050721.jpg,"A man with dark hair and a mustache, with a neutral expression and a slight frown. His eyes are brown and his eyebrows are arched."
/home/celeba_hq/train/male/131956.jpg,"A man with dark brown eyes, a small nose, and a warm smile. He has a few wrinkles around his eyes and mouth, and his hair is curly and black."
/home/celeba_hq/train/male/178143.jpg,"A man with short black hair, blue eyes, and a slight smile. He has a button nose and full lips, and his ears are large and pointy. The skin on his face is smooth and brown."
/home/celeba_hq/train/male/183732.jpg,A bald man with tattoos on his neck and ears. He has a bald head and brown eyes. His eyebrows are arched and his lips are pink. He has a small smile and his index finger is in front of his lips.
/home/celeba_hq/train/male/135283.jpg,"A man with dark hair, blue eyes, and a neutral expression."
/home/celeba_hq/train/male/102114.jpg,"A smiling man with gray hair, deep laugh lines, and a receding hairline."
/home/celeba_hq/train/male/182393.jpg,"A young boy with curly brown hair, blue eyes, and freckles. He has a slight frown and wears a green sweater."
/home/celeba_hq/train/male/103715.jpg,"An older man with grey hair, wearing a captain's hat, smiling with slightly sunken cheeks and thinning hair."
/home/celeba_hq/train/male/190767.jpg,"A man with brown eyes, a nose, and a mouth, holding a microphone and singing."
/home/celeba_hq/train/male/153299.jpg,"A man with glasses, a slight smile, and a short haircut."
/home/celeba_hq/train/male/059152.jpg,"A man with a dark mustache, high forehead, and receding hairline, wearing a suit and tie."
/home/celeba_hq/train/male/008415.jpg,"A man with dark hair, a round face, thick eyebrows, a wide smile, and a bow tie."
/home/celeba_hq/val/male/200482.jpg,"A man with dark hair, a mustache, and a beard, wearing a gold headband and a gold necklace. His eyes are brown, his eyebrows are arched, and his nose is straight and narrow. His lips are thin and his mouth is slightly open. He has a dimple on his right cheek. His skin is brown and his hair is wavy."
/home/celeba_hq/train/male/016301.jpg,"A man with long hair, a square jawline, and a slight frown."
/home/celeba_hq/train/male/123949.jpg,"A man with a mustache and a receding hairline, wearing a suit and tie."
/home/celeba_hq/train/male/021873.jpg,"A man with dark hair, brown eyes, and a slight smile. He has a high forehead, a prominent nose, and a small mouth. His ears are slightly puffy and he has a few wrinkles around his eyes. His skin is smooth and his hair is styled upwards."
/home/celeba_hq/train/male/106497.jpg,"A man with brown hair, blue eyes, and a receding hairline. He has a slight frown and his eyebrows are arched."
/home/celeba_hq/train/male/180252.jpg,"A young man with dark hair, brown eyes, and a slight smile. He has a button nose and full lips, and his ears are pierced. His skin is smooth and tanned."
/home/celeba_hq/train/male/045733.jpg,"A man with long black hair, a slight smile, and a nose piercing."
/home/celeba_hq/train/male/147446.jpg,"A man with a smiling expression, holding a microphone in front of his mouth."
/home/celeba_hq/train/male/040231.jpg,"A man with blonde hair, blue eyes, and a smiling expression."
/home/celeba_hq/train/male/160611.jpg,"A man with brown eyes, a straight nose, and a slight smile. He has a short brown hair and five o'clock shadow."
/home/celeba_hq/train/male/167118.jpg,"A man with short black hair, blue eyes, and a slight smile. He has a button nose and full lips, and his ears are large and stick out. His skin is smooth and his eyebrows are arched."
/home/celeba_hq/train/male/070479.jpg,"A man with dark hair, eyes, and a white smile, with a dimple on his chin."
/home/celeba_hq/train/male/181611.jpg,"A man with dark curly hair, brown eyes, and a slight beard. He has a slight smile on his lips and his eyebrows are arched."
/home/celeba_hq/train/male/072042.jpg,"A man with curly black hair, brown eyes, and a big smile. He has a dimple on his left cheek and his teeth are white."
/home/celeba_hq/train/male/086952.jpg,"A man with a fedora hat, dark eyes, and a slight smile."
/home/celeba_hq/train/male/098228.jpg,"A close-up of a man's face with short hair, brown eyes, and a small nose."
/home/celeba_hq/train/male/113527.jpg,"A young man with dark hair, brown eyes, and a slight frown."
/home/celeba_hq/val/male/103953.jpg,"An older man with blonde hair, blue eyes, and a receding hairline. He has a cleft chin and a prominent nose. His mouth is slightly open, revealing pink lips and teeth. He is wearing a black tuxedo with a white shirt and black bow tie."
/home/celeba_hq/val/male/139507.jpg,"A man with curly black hair, brown eyes, and a goatee."
/home/celeba_hq/train/male/002764.jpg,"A man with gray hair, blue eyes, and a slight smile, wearing a black suit and white shirt."
/home/celeba_hq/train/male/115010.jpg,"A man with brown hair, blue eyes, and a slight smile. He has a few wrinkles around his eyes and mouth, and his eyebrows are slightly arched. His skin is smooth and has a few freckles."
/home/celeba_hq/val/male/007143.jpg,"A man with long curly hair, a receding hairline, a goatee, and a serious expression."
/home/celeba_hq/train/male/051686.jpg,"A man with long blonde hair, a goatee, and a slight smile. His eyes are brown, his nose is wide and his lips are thin. He has a few wrinkles around his eyes and mouth."
/home/celeba_hq/train/male/177206.jpg,"A man with long hair, a beard, and a mustache. He has a small nose and a slight smile. His eyes are brown and his skin is pale."
/home/celeba_hq/train/male/154580.jpg,"A young person with braids, blue eyes, and blood dripping from the corners of their mouth."
/home/celeba_hq/train/male/109465.jpg,"A young man with brown eyes, a nose, and a mouth with a slight smile. He has brown hair and it is sticking up in front."
/home/celeba_hq/train/male/102058.jpg,"A man with a prominent nose and thin lips, the corners of his eyes droop slightly, and there are deep lines at the corners of his eyes. His eyebrows are slightly curved and the color is dark. There is a small amount of stubble on his face."
/home/celeba_hq/train/male/196012.jpg,"A man with black hair, almond-shaped eyes, a small nose, thin lips, and ears."
/home/celeba_hq/train/male/168939.jpg,"A young man with dark hair, smiling with his teeth showing. He has dark eyes, a small nose, and a wide smile. His skin is smooth and his hair is curly."
/home/celeba_hq/train/male/139679.jpg,"A young man with black hair, he has a slight frown with downturned corners of his mouth, small and almond-shaped eyes, a straight nose, and a slight crease between his eyebrows. His skin is smooth and pale."
/home/celeba_hq/train/male/014130.jpg,"A man with a mustache, thick eyebrows, and dark hair."
/home/celeba_hq/train/male/053124.jpg,"A young man with a hooded sweatshirt, brown hair, and a neutral expression looks off to the side."
/home/celeba_hq/train/male/186016.jpg,"An elderly woman with white hair, blue eyes, and fair skin. Her eyebrows are arched and her eyelashes long. Her nose is straight and her lips are full, with pink lipstick. Her chin is firm and her cheeks are slightly sunken. She is smiling gently."
/home/celeba_hq/train/male/126546.jpg,A headshot of a young Korean man with a black beret and a neutral expression. He has a small nose and a slightly upturned mouth. His eyes are a deep brown.
/home/celeba_hq/train/male/086035.jpg,"A man with black hair, brown eyes, and a slight smile wearing a suit and tie."
/home/celeba_hq/train/male/183715.jpg,"A man with short black hair, brown eyes, and a slight smile. He has a small nose and his lips are slightly parted."
/home/celeba_hq/train/male/083436.jpg,"A man with brown hair, brown eyes, and a round face with a slightly receding hairline. He has a double chin, a wide nose, and thin lips. His eyebrows are arched and his ears are large and protruding. He is wearing a white shirt and a black suit with a white tie."
/home/celeba_hq/train/male/120291.jpg,"A young man with brown hair and a slight smile, he has a square jawline and deep-set brown eyes."
/home/celeba_hq/train/male/179032.jpg,"A young man with dark curly hair, blue eyes, and freckles. He has a slight frown and his lips are slightly parted."
/home/celeba_hq/train/male/084292.jpg,"A young man with a dark, curly hair, brown eyes, and a fair complexion. He has a small nose and a slightly upturned mouth. His ears are pierced with earrings."
/home/celeba_hq/train/male/153856.jpg,"A man with a small smile, deep-set eyes, and a high forehead wearing a black hat."
/home/celeba_hq/train/male/195084.jpg,"A man with brown hair and blue eyes, looking intently into the camera. He has a slight frown and his eyebrows are raised."
/home/celeba_hq/val/male/154644.jpg,"A man with short black hair, brown eyes, and pink lips. He has a slight smile and his ears are pierced."
/home/celeba_hq/val/male/183567.jpg,"A man with gray hair and glasses, wearing a suit and tie."
/home/celeba_hq/val/male/137022.jpg,"A young man with spiky hair and a goatee, wearing red sunglasses and making a funny face."
/home/celeba_hq/train/male/066793.jpg,"A man with blue eyes, a nose, mouth, and ears, smiling with a slight frown and a short, dark haircut."
/home/celeba_hq/train/male/102525.jpg,"An older man with gray hair, blue eyes, and a neck brace."
/home/celeba_hq/train/male/031026.jpg,"A woman with dark hair, brown eyes, and a slight frown. Her nose is slightly upturned at the tip, and her lips are slightly parted. Her eyebrows are arched and slightly furrowed."
/home/celeba_hq/val/male/137929.jpg,"A man with black hair, wearing glasses and a white shirt, sits in front of a microphone."
/home/celeba_hq/train/male/122324.jpg,"An older man with a receding hairline, wearing glasses and a suit and tie. His eyes are blue and he has a slight frown."
/home/celeba_hq/train/male/196545.jpg,"A man with short black hair, brown eyes, and a slight frown. He has a receding hairline and wrinkles around his eyes."
/home/celeba_hq/train/male/178494.jpg,"An elderly man with a receding hairline, thinning eyebrows, a receding hairline, and a mustache. He is wearing black rimmed glasses and a white shirt."
/home/celeba_hq/train/male/087596.jpg,"A man with black hair and a white face with black stripes, red lips, and green eyes."
/home/celeba_hq/train/male/104308.jpg,"An Asian man with glasses, wearing a black shirt, smiling slightly."
/home/celeba_hq/train/male/037821.jpg,"A man with blonde hair, blue eyes, and a slight frown on his lips."
/home/celeba_hq/train/male/100793.jpg,"A young man with blonde hair, thin eyebrows, a small nose, thin lips, and a slight smile."
/home/celeba_hq/train/male/100442.jpg,"A man with glasses and gray hair, his eyes are wide and his mouth is open as if he's speaking."
/home/celeba_hq/train/male/044279.jpg,"An older Asian man with glasses, smiling with his eyes closed."
/home/celeba_hq/train/male/166911.jpg,"The man in the image has a square jawline and is wet with water. He has a wet, brunette wig and his eyes are closed. His mouth is open and he is snarling, showing his teeth."
/home/celeba_hq/train/male/029170.jpg,"A smiling Asian man with dark hair, almond-shaped eyes, and a double chin."
/home/celeba_hq/train/male/093046.jpg,"An older Asian man with glasses, a receding hairline, and a slight smile."
/home/celeba_hq/train/male/068053.jpg,"A man with greying hair, thin eyebrows, and glasses. His mouth is closed, his teeth are white, and his lips are pink. He has a double chin and a slight smile on his face."
/home/celeba_hq/train/male/070511.jpg,"A man with dark, spiky hair, brown eyes, and a straight nose. His lips are slightly parted, revealing pink lips and slightly pinkish-white teeth. He is wearing a black blazer and white shirt."
/home/celeba_hq/train/male/046096.jpg,"A man with short black hair, brown eyes, and a slight smile. He has a square jawline and a prominent nose."
/home/celeba_hq/train/male/181168.jpg,"A young man with dark hair, brown eyes, and a broad smile. He has a square jawline and high cheekbones, and his hair is neatly combed over to one side."
/home/celeba_hq/train/male/085684.jpg,"A man with dark eyes, thick eyebrows, a high nose bridge, and a slight smile with his teeth showing. He has short black hair and a stubble on his jawline."
/home/celeba_hq/train/male/071218.jpg,"A man with long black hair, brown eyes, and a slight smile."
/home/celeba_hq/train/male/150765.jpg,"A bald man with gray hair, deep wrinkles around his eyes, a long nose, thin lips, and prominent ears. His skin is wrinkled and freckled, and he has a sly smile."
/home/celeba_hq/train/male/190294.jpg,"A smiling man with a beard, blue eyes, and blonde hair."
/home/celeba_hq/train/male/137003.jpg,"A man with shaggy black hair and a black shirt has his mouth open, eating a sandwich."
/home/celeba_hq/train/male/035088.jpg,"A middle-aged Asian man with receding hairline, deep wrinkles around his eyes, and a small mouth. He has thin eyebrows and thin lips, and his skin is smooth and yellowish. He is wearing glasses with a black frame and a white shirt with a black suit jacket."
/home/celeba_hq/train/male/138538.jpg,"A man with a short haircut, dark eyes, and a small mustache and beard. He is wearing a denim jacket."
/home/celeba_hq/train/male/198026.jpg,"A young man with short brown hair, a white scarf, and a wide smile. He has a straight nose and dark eyes, with slightly arched eyebrows. His lips are full and his teeth are white."
/home/celeba_hq/train/male/046014.jpg,"A male with a medium brown hair, small eyes, pointy nose, thin lips, and a subtle smile. The skin is smooth and well-taken care of."
/home/celeba_hq/train/male/187736.jpg,"A man with a receding hairline, mustache, and a slight smile."
/home/celeba_hq/train/male/168665.jpg,"A man with a goatee and sunglasses, looking to the side."
/home/celeba_hq/train/male/079241.jpg,"A man with a slight frown, dark eyebrows, and a black and white striped shirt."
/home/celeba_hq/train/male/144428.jpg,"A man with dark hair, brown eyes, and a slight smile. He has a high forehead, a small nose, and thin lips. His ears are pointed and he has a few wrinkles around his eyes."
/home/celeba_hq/train/male/028646.jpg,"A man with black hair, brown eyes, and a slight smile. He has a button nose and wide-set eyes. He is wearing a black suit and white shirt."
/home/celeba_hq/train/male/127865.jpg,"An elderly man with a receding hairline, thinning brown hair, a mustache, and a goatee. His eyes are blue, his eyebrows are thin, and his eyelids droop. His nose is long and thin, with a small nostril opening. His mouth is thin, with lips that are slightly parted. He has a double chin and wrinkles around his mouth."
/home/celeba_hq/train/male/018777.jpg,"A man with glasses and black hair, wearing a black suit."
/home/celeba_hq/train/male/012320.jpg,"A man with glasses, a red scarf, and a slight smile. He has gray hair and a few wrinkles around his eyes."
/home/celeba_hq/train/male/052997.jpg,"A young man with dark hair, smiling with his eyes closed and pointing to the side with his index finger."
/home/celeba_hq/train/male/094220.jpg,"A young man with long hair and camouflage makeup, wearing a camo helmet and carrying a rifle."
/home/celeba_hq/train/male/145089.jpg,"An older man with red hair and a mustache, his eyes are open and he has a slight frown."
/home/celeba_hq/train/male/086198.jpg,"A smiling Asian man with black hair, brown eyes, and a receding hairline. He has a double chin, a wide smile, and slightly yellowed teeth."
/home/celeba_hq/train/male/175499.jpg,"An elderly man with a receding hairline, deep wrinkles around his eyes, a nose with a slight hook, a mouth corners turned down, and a blue shirt collar."
/home/celeba_hq/train/male/185734.jpg,"A man with glasses and a receding hairline, with a mouth that is open slightly, revealing yellow teeth."
/home/celeba_hq/train/male/192501.jpg,"A young boy with brown hair and blue eyes, standing in front of a maroon background."
/home/celeba_hq/train/male/175128.jpg,"An older man with white hair, smiling with his eyes closed."
/home/celeba_hq/train/male/109281.jpg,"A young man with blonde hair, blue eyes, and a slight smile. He has a button nose and full lips, and his ears are large for his head."
/home/celeba_hq/val/male/072806.jpg,"A man with a salt and pepper goatee, deep wrinkles around his eyes, and a slight frown. His hair is short and black."
/home/celeba_hq/train/male/019197.jpg,"A young man with a big smile, wearing a baseball cap and a gray hoodie. He has a few moles on his face and a small scar above his left eyebrow."
/home/celeba_hq/train/male/015105.jpg,"A man with a square face, high cheekbones, a straight nose, thin lips, and a prominent forehead. He has short black hair and dark brown eyes."
/home/celeba_hq/train/male/000902.jpg,"A man with a receding hairline, round glasses, and a slight smile."
/home/celeba_hq/train/male/035819.jpg,"A man with a receding hairline, blue eyes, and a slight smile. He has a square jawline and a few wrinkles around his eyes. His skin is brown and appears slightly weathered."
/home/celeba_hq/train/male/029991.jpg,A young man with brown eyes and a brown hat with a star on it.
/home/celeba_hq/train/male/100769.jpg,"A close-up of a man's face with white hair, black sunglasses, and a slight smile."
/home/celeba_hq/train/male/156387.jpg,"An older man with glasses, smiling at the camera."
/home/celeba_hq/train/male/050720.jpg,"A man with black hair, smiling, and wearing a black suit."
/home/celeba_hq/train/male/155422.jpg,"A man with dark hair, a black jacket, and a checkered shirt. He has a slight smile and his eyes are open."
/home/celeba_hq/train/male/011125.jpg,"A man with dark curly hair, blue eyes, and a wide smile."
/home/celeba_hq/val/male/081816.jpg,"A man with black hair, brown eyes, and a slight smile."
/home/celeba_hq/train/male/094092.jpg,"A man with dark hair, a small nose, and a mouth that slightly turns down at the corners. His eyes are a deep brown and he appears to be looking at the camera."
/home/celeba_hq/train/male/130845.jpg,"An older Asian man with greying hair and glasses, wearing a suit and tie."
/home/celeba_hq/train/male/127071.jpg,"A man with a short haircut, mustache, and a sweatband on his forehead. His eyes are open and his mouth is closed."
/home/celeba_hq/train/male/063986.jpg,"A man with dark hair and a mustache, his eyes are open and he appears to be staring into the distance."
/home/celeba_hq/train/male/186208.jpg,"A man with glasses, a receding hairline, and a slight smile."
/home/celeba_hq/train/male/059663.jpg,"A man with dark hair, a white shirt, and a black blazer. He is smiling and has a few wrinkles around his eyes."
/home/celeba_hq/train/male/113230.jpg,"A man with dark brown eyes, a brown beard, and black curly hair."
/home/celeba_hq/train/male/038995.jpg,"A young man with dark hair and a slight mustache, his eyes are brown and his eyebrows are arched. He has a small pimple above his left eyebrow and a scar above his right eyebrow. His nose is straight and his lips are pink."
/home/celeba_hq/train/male/184318.jpg,The man in the image has a black mustache and black hair. He has a receding hairline and deep-set eyes. His eyebrows are arched and his nose is long and thin. His lips are thin and his skin is dry. He is looking straight ahead with a neutral expression.
/home/celeba_hq/train/male/146165.jpg,"A man with black hair, glasses, and a slight frown looks off to the side."
/home/celeba_hq/train/male/029936.jpg,"A man with dark hair, a mustache, and a beard, smiling and looking to the side."
/home/celeba_hq/train/male/121148.jpg,"A man with a mustache, brown eyes, and dark brown hair. He has a slight smile on his lips and is wearing a white hoodie."
/home/celeba_hq/train/male/118159.jpg,"A man with short black hair, brown eyes, and a five o'clock shadow looks into the camera."
/home/celeba_hq/train/male/002486.jpg,"The face of the man in the image is oval-shaped with a prominent nose and full lips. He has a beard and mustache that are well-trimmed and neat. The eyes are brown and expressive, with long, thick lashes. The eyebrows are arched and slightly bushy. The skin is smooth and well-cared for, with a warm, healthy glow. The man's ears are large and protruding, with small, round earrings. The mouth is slightly open, revealing slightly yellowed teeth. The man's expression is warm and friendly, with a slight smile on his lips."
/home/celeba_hq/val/male/122933.jpg,"A young man with curly hair, a slight frown, and piercing eyes."
/home/celeba_hq/train/male/143751.jpg,"A man with a beard, brown eyes, and a red and black headband."
/home/celeba_hq/train/male/074585.jpg,"A man with a square jawline, dark hair, and brown eyes looks into the camera."
/home/celeba_hq/train/male/031702.jpg,"A man with dark hair, a beard, and a smile. He has dark eyes, a small nose, and a slight dimple in his chin. His skin is brown and he has a few freckles."
/home/celeba_hq/train/male/040814.jpg,"A close-up of a shirtless man with a short haircut, looking into the camera. He has a serious expression, deep-set eyes, a small mouth, and a receding hairline. His skin is brown and dry, with some wrinkles around his mouth."
/home/celeba_hq/val/male/083382.jpg,"A man with a receding hairline, a goatee, and a furrowed brow looks into the distance."
/home/celeba_hq/train/male/150111.jpg,"A man with a beard and mustache, blue eyes, and dark hair, looking into another man's eyes."
/home/celeba_hq/train/male/078499.jpg,"A woman with brown eyes, a nose ring, and auburn hair, with her arm propped behind her head."
/home/celeba_hq/train/male/144111.jpg,"A man with black hair, a round face, and a small mouth."
/home/celeba_hq/train/male/137380.jpg,An old man with a bright orange turban and a big smile.
/home/celeba_hq/train/male/150974.jpg,"A man with a red mark on his forehead, bushy eyebrows, and a mustache. His eyes are brown, he has a small nose, a slight smile, and a dimple on his right cheek. He has a beard and a necklace, his hair is slicked back, and he appears to be shirtless."
/home/celeba_hq/train/male/146584.jpg,"A man with dark hair, a wide smile, and white teeth."
/home/celeba_hq/train/male/117803.jpg,"A man with a mustache and black hair, wearing glasses and a suit."
/home/celeba_hq/train/male/080398.jpg,"A man with dark hair, brown eyes, and a slight scruff around his jawline. He has a neutral expression and his head is turned to the side."
/home/celeba_hq/train/male/096873.jpg,"A man with gray hair, black rimmed glasses, and a slight smile."
/home/celeba_hq/val/male/124523.jpg,"A man with dark hair, a goatee, and piercing eyes looks into the distance."
/home/celeba_hq/train/male/192183.jpg,"A man with dark hair, a mustache, and a goatee, his eyes are wide open, his eyebrows are arched, and his mouth is closed."
/home/celeba_hq/train/male/145168.jpg,"A man with a diamond-shaped face, wide-set eyes, a high nose bridge, and a prominent chin. He has a toothy smile and a goatee."
/home/celeba_hq/train/male/121694.jpg,"A close-up of a man's face with wet hair and a white tank top. He has a slight frown, dark eyes, and a small beard."
/home/celeba_hq/train/male/092765.jpg,"A man with a black hat, black mustache, and a wide smile."
/home/celeba_hq/train/male/040756.jpg,"A middle-aged man with a beard and mustache, his eyes are red and his expression is somber."
/home/celeba_hq/train/male/045301.jpg,The man in the image has a mustache and is smiling. He has a dimple on his right cheek.
/home/celeba_hq/train/male/012584.jpg,"A man with a receding hairline and a slight frown, with dark hair and a white shirt."
/home/celeba_hq/train/male/137208.jpg,"A man with dark hair, a silver necklace, and a white shirt. He has a frown, thick eyebrows, and a double chin."
/home/celeba_hq/train/male/134052.jpg,The man has a mustache and a goatee. He is smiling and has a warm expression.
/home/celeba_hq/train/male/116919.jpg,"The man in the image has a receding hairline, a mustache, and a goatee. His eyes are open, and his eyebrows are arched. He has a slight frown on his lips."
/home/celeba_hq/train/male/033587.jpg,"A man with brown eyes, a straight nose, and a slight smile. He has a few wrinkles around his eyes and mouth, and his hair is black. He is wearing glasses with thin frames."
/home/celeba_hq/train/male/160117.jpg,"A man with a beard, wearing sunglasses and a suit. He has spiky black hair and a goatee."
/home/celeba_hq/train/male/111703.jpg,"A man with dark hair, brown eyes, and a slight smile. He has a few wrinkles around his eyes and mouth, and his hair is black."
/home/celeba_hq/train/male/051125.jpg,"A man with a mustache and a serious expression, with his hair styled in a way that covers one of his ears."
/home/celeba_hq/train/male/103625.jpg,"A man with dark hair, a beard, and a mustache, smiling with his eyes closed."
/home/celeba_hq/train/male/072165.jpg,"A man with dark hair and a big smile, showing his teeth."
/home/celeba_hq/train/male/178599.jpg,"A man with dark hair, a mustache, and a goatee, with a neutral expression on his face."
/home/celeba_hq/train/male/088748.jpg,"A man with a dark complection, with a small nose and big eyes. He has a few wrinkles around his eyes and a few strands of hair on his forehead."
/home/celeba_hq/train/male/041547.jpg,"A close-up of a shirtless man with wet hair and skin, leaning on his arm. He has a5 o'clock shadow on his face, his eyes are red, and his mouth is closed."
/home/celeba_hq/val/male/096436.jpg,"A man with a buzz cut, wearing a white shirt, has his hands behind his head. He has a slight smile, his eyes are open, his eyebrows are arched, and his ears are pierced."
/home/celeba_hq/train/male/006773.jpg,"A man with dark hair and a mustache, his eyes are brown, his nose is straight, his lips are thin, and he has a beard."
/home/celeba_hq/val/male/125554.jpg,"A man with a black bandana, dark eyes, and a goatee looks into the camera."
/home/celeba_hq/train/male/061836.jpg,A man with dark hair and a tan complexion with a slight smile and brown eyes.
/home/celeba_hq/train/male/093163.jpg,"A man with a beard, mustache, and curly hair, with brown eyes and a slight frown."
/home/celeba_hq/train/male/006922.jpg,The man has a mustache and is looking downwards. His eyes are red and he has a tear on his right cheek. He has a slight frown and his mouth is closed. He has a receding hairline and his hair is black.
/home/celeba_hq/train/male/046432.jpg,A bald man with a mustache and a bun on the top of his head.
/home/celeba_hq/train/male/190714.jpg,"A woman with a slightly smiling expression, brown eyes, and dark hair."
/home/celeba_hq/train/male/121866.jpg,"A man with dark hair, brown eyes, and a square jawline looks into the camera."
/home/celeba_hq/train/male/100745.jpg,"A man with dark hair, a beard, and a small smile. He has brown eyes and a small nose."
/home/celeba_hq/train/male/008620.jpg,"A woman with dark curly hair, brown eyes, and a small nose. Her lips are pink and her skin is brown with some freckles. Her eyebrows are arched and her ears are pierced."
/home/celeba_hq/val/male/103462.jpg,"A man with short black hair, a beard, and mustache. He has brown eyes, a small nose, and a slight smile. His skin is brown and he is wearing a black fur coat."
/home/celeba_hq/train/male/031685.jpg,"A man with a shaved head, dark eyes, and a small mustache and beard."
/home/celeba_hq/val/male/097464.jpg,"A man with dark hair and a goatee, his eyes are brown and his skin is smooth with a slight sheen. His eyebrows are arched and his nose is straight and narrow. His lips are thin and his mouth is slightly open, revealing slightly yellowed teeth. He has small ears with piercings and his hair is spiky and dark."
/home/celeba_hq/train/male/099426.jpg,"A woman with brown eyes, brown hair, and brown lipstick leans against a wooden wall."
/home/celeba_hq/train/male/128161.jpg,"A man with dark hair, a beard, and mustache. He has a receding hairline and a dimple on his left cheek. His eyes are brown and he has thick eyebrows. He is wearing a suit and tie."
/home/celeba_hq/train/male/103061.jpg,"A man with short black hair, a beard, and a mustache. He has a slight smile, wide-set eyes, a high nose bridge, and a receding hairline."
/home/celeba_hq/train/male/127419.jpg,"A man with black hair, a smile, and a slight wrinkle above his nose."
/home/celeba_hq/train/male/078376.jpg,"A close-up of a man's face with wet hair, a serious expression, and a slight frown. His eyes are brown, his nose is straight, and his lips are thin. He has a five o'clock shadow and his ears are large and protruding."
/home/celeba_hq/train/male/187642.jpg,A man with long hair and a serious expression looks into the distance.
/home/celeba_hq/val/male/043470.jpg,"A man with dark hair, brown eyes, and a crooked smile."
/home/celeba_hq/train/male/059960.jpg,"A man with black hair, brown eyes, and a receding hairline. He has a small nose and thin lips. His skin is smooth and his eyebrows are arched."
/home/celeba_hq/train/male/020613.jpg,"A man with long, curly black hair, a mustache, and beard, wearing a white shirt and rings on his fingers."
/home/celeba_hq/train/male/108659.jpg,"The man in the image has a dark brown skin tone and black hair. He has a pair of brown eyes, a small nose, and thin lips. His ears are big and protruding."
/home/celeba_hq/train/male/147669.jpg,"A man with dark hair, a mustache, and glasses, with a receding hairline and a double chin."
/home/celeba_hq/train/male/112113.jpg,"A man with a mustache and black hair, with a receding hairline. He has a white shirt and his hair is styled in a pompadour."
/home/celeba_hq/train/male/022705.jpg,"A man with a short haircut, close-cropped beard, and mustache, smiling with brown eyes, a straight nose, and white teeth."
/home/celeba_hq/train/male/102452.jpg,"A man with a square jawline, almond-shaped eyes, and a small nose with slightly flared nostrils. He has a slight frown with slightly furrowed eyebrows and full lips. He has a few wrinkles around his eyes and mouth."
/home/celeba_hq/train/male/060732.jpg,"A woman with dark hair, brown eyes, and brown fur looks off to the side. Her nose is small and her lips are pink."
/home/celeba_hq/train/male/042423.jpg,"A man with dark hair and a slight mustache, his eyes are brown, his nose is straight, and his mouth is closed with his chin resting on his hand."
/home/celeba_hq/train/male/152754.jpg,"An older man with a receding hairline, a slight smile, and deep wrinkles around his eyes and mouth. He has a slight mustache and is balding."
/home/celeba_hq/train/male/016494.jpg,"A middle-aged Indian man with a receding hairline, thick eyebrows, large eyes, a prominent nose, a mustache, and a goatee. He is wearing glasses and has a bloodstain on his forehead."
/home/celeba_hq/train/male/109261.jpg,"A man with dark hair and a goatee, his eyes are brown and he has a slight frown."
/home/celeba_hq/train/male/072262.jpg,"A man with a beard and a cowboy hat, his eyes are open and he looks concerned."
/home/celeba_hq/train/male/182144.jpg,"A man with dark hair and a beard, brown eyes, and a slight smile. He has a full head of dark hair, a strong jawline, and a well-shaped nose. His skin is smooth and well-tended, with a warm brown tone. He is wearing a black jacket and has his hands in his hair, as if posing for a photo."
/home/celeba_hq/train/male/186792.jpg,"A middle-aged Indian man with greying hair, Shashi Tharoor has deep-set eyes, a straight nose, and a small mouth. He is wearing glasses and a black suit."
/home/celeba_hq/train/male/121574.jpg,"A man with black hair, brown eyes, and a receding hairline. He has a slight smile and a small mole above his lip."
/home/celeba_hq/train/male/024518.jpg,"A man with curly black hair, almond-shaped brown eyes, and a fair complexion with some wrinkles around his eyes. He has a small nose and a slight smile with white teeth."
/home/celeba_hq/train/male/196747.jpg,"A man with a mustache and afro, wearing a suit and tie."
/home/celeba_hq/train/male/027106.jpg,"A man with a mustache and black hair, with a slight smile on his lips."
/home/celeba_hq/train/male/141119.jpg,"A man with dark hair, brown eyes, and a small nose ring. He has a slight smile and his eyes are open, looking to the right."
/home/celeba_hq/train/female/056628.jpg,"A woman with blonde hair, blue eyes, and full lips."
/home/celeba_hq/train/female/151050.jpg,"A woman with dark hair, brown eyes, and a slight smile. Her skin is smooth and has a slight sheen. She is wearing large earrings and her hair is styled in a half-up, half-down style."
/home/celeba_hq/train/female/192801.jpg,"A woman with blonde hair, blue eyes, and a slight smile. Her skin is fair and her eyebrows are arched. Her nose is straight and her lips are full. Her hair is straight and shoulder-length."
